{"stats":{"minecraft:broken":{"minecraft:stone_pickaxe":2,"minecraft:diamond_axe":1,"minecraft:iron_axe":3},"minecraft:dropped":{"minecraft:iron_sword":1,"minecraft:oak_pressure_plate":1,"minecraft:warped_fungus":1,"minecraft:oak_log":3,"minecraft:crafting_table":2,"minecraft:flint":1,"minecraft:cobblestone_stairs":1,"minecraft:emerald":101,"minecraft:dirt":180,"minecraft:iron_pickaxe":2,"minecraft:stripped_oak_wood":1,"minecraft:oak_door":1,"minecraft:crimson_fungus":1,"minecraft:sugar_cane":3,"minecraft:rotten_flesh":6,"minecraft:oak_planks":15,"minecraft:diamond_shovel":2,"minecraft:carrot":33,"minecraft:arrow":133,"minecraft:glass":72,"minecraft:iron_ingot":78,"minecraft:oak_slab":10,"minecraft:wheat_seeds":131,"minecraft:mossy_cobblestone":9,"minecraft:smithing_table":1,"minecraft:diamond_leggings":1,"minecraft:oak_fence":4,"minecraft:cobblestone":206,"minecraft:coal":56,"minecraft:stick":216,"minecraft:torch":4,"minecraft:wooden_hoe":1,"minecraft:iron_leggings":2,"minecraft:oak_stairs":49,"minecraft:stonecutter":1,"minecraft:iron_axe":2,"minecraft:paper":9,"minecraft:spruce_sapling":170,"minecraft:dandelion":1,"minecraft:kelp":1,"minecraft:raw_copper":39,"minecraft:iron_boots":1,"minecraft:stone":1,"minecraft:shield":3,"minecraft:spruce_planks":20,"minecraft:diamond_pickaxe":3,"minecraft:iron_chestplate":1,"minecraft:yellow_bed":1,"minecraft:oak_sapling":1,"minecraft:oak_boat":1,"minecraft:diamond_boots":2,"minecraft:spruce_log":480,"minecraft:sandstone":8,"minecraft:bow":2},"minecraft:crafted":{"minecraft:oak_planks":408,"minecraft:cooked_chicken":6,"minecraft:bookshelf":5,"minecraft:cooked_mutton":8,"minecraft:glass":150,"minecraft:diamond_helmet":1,"minecraft:bow":5,"minecraft:diamond_leggings":2,"minecraft:iron_boots":2,"minecraft:chest":10,"minecraft:stone_hoe":1,"minecraft:glass_bottle":78,"minecraft:oak_slab":18,"minecraft:emerald":492,"minecraft:arrow":368,"minecraft:cooked_porkchop":9,"minecraft:diamond_axe":1,"minecraft:crafting_table":9,"minecraft:spruce_planks":7700,"minecraft:wooden_pickaxe":1,"minecraft:iron_helmet":2,"minecraft:chainmail_chestplate":12,"minecraft:fletching_table":3,"minecraft:birch_planks":8,"minecraft:campfire":15,"minecraft:lectern":4,"minecraft:iron_chestplate":1,"minecraft:book":5,"minecraft:diamond_pickaxe":3,"minecraft:paper":309,"minecraft:charcoal":19,"minecraft:shield":4,"minecraft:stick":15663,"minecraft:iron_ingot":380,"minecraft:compass":7,"minecraft:iron_pickaxe":2,"minecraft:iron_block":6,"minecraft:stone_sword":1,"minecraft:gold_ingot":44,"minecraft:sandstone":1,"minecraft:spruce_fence_gate":1,"minecraft:shears":1,"minecraft:golden_carrot":36,"minecraft:cherry_planks":108,"minecraft:raw_iron":18,"minecraft:stone_shovel":1,"minecraft:beehive":6,"minecraft:furnace":2,"minecraft:bone_meal":78,"minecraft:oak_trapdoor":2,"minecraft:flint_and_steel":1,"minecraft:iron_axe":3,"minecraft:spruce_slab":6,"minecraft:stone_pickaxe":3,"minecraft:diamond_boots":3,"minecraft:spruce_boat":1,"minecraft:spruce_sapling":2,"minecraft:chainmail_leggings":1,"minecraft:cooked_beef":63,"minecraft:diamond_sword":1,"minecraft:enchanting_table":1,"minecraft:iron_sword":1,"minecraft:bucket":2,"minecraft:stone_axe":2,"minecraft:enchanted_book":4,"minecraft:air":0,"minecraft:oak_boat":5,"minecraft:gold_nugget":288,"minecraft:chainmail_boots":11,"minecraft:iron_shovel":1,"minecraft:iron_leggings":12,"minecraft:anvil":2,"minecraft:torch":164,"minecraft:diamond_chestplate":1},"minecraft:picked_up":{"minecraft:iron_chestplate":3,"minecraft:wheat":13,"minecraft:smithing_table":1,"minecraft:oak_stairs":51,"minecraft:string":16,"minecraft:raw_copper":31,"minecraft:iron_leggings":2,"minecraft:diamond_leggings":1,"minecraft:cobbled_deepslate":163,"minecraft:smooth_stone":2,"minecraft:spruce_planks":125,"minecraft:white_tulip":2,"minecraft:rose_bush":6,"minecraft:iron_pickaxe":4,"minecraft:furnace":6,"minecraft:iron_boots":1,"minecraft:stick":221,"minecraft:composter":3,"minecraft:oak_fence":17,"minecraft:torch":22,"minecraft:porkchop":9,"minecraft:cherry_log":27,"minecraft:diorite":29,"minecraft:nether_gold_ore":4,"minecraft:rotten_flesh":38,"minecraft:red_tulip":9,"minecraft:bookshelf":1,"minecraft:obsidian":25,"minecraft:cobblestone":519,"minecraft:birch_log":2,"minecraft:magma_block":33,"minecraft:feather":5,"minecraft:lilac":14,"minecraft:andesite":26,"minecraft:potato":1,"minecraft:flint":8,"minecraft:tuff":21,"minecraft:lapis_lazuli":55,"minecraft:dirt":2793,"minecraft:glass":3,"minecraft:bone":46,"minecraft:stonecutter":1,"minecraft:bow":4,"minecraft:orange_tulip":1,"minecraft:wheat_seeds":92,"minecraft:raw_gold":40,"minecraft:bell":1,"minecraft:fletching_table":6,"minecraft:oak_planks":36,"minecraft:honeycomb":18,"minecraft:cooked_porkchop":3,"minecraft:oak_pressure_plate":1,"minecraft:sand":1749,"minecraft:ink_sac":22,"minecraft:lily_of_the_valley":14,"minecraft:mossy_cobblestone":23,"minecraft:diamond":40,"minecraft:crossbow":1,"minecraft:granite":35,"minecraft:bone_meal":4,"minecraft:emerald":35,"minecraft:bread":1,"minecraft:oak_sapling":5,"minecraft:netherrack":1142,"minecraft:oak_leaves":31,"minecraft:crimson_roots":5,"minecraft:diamond_pickaxe":2,"minecraft:crafting_table":8,"minecraft:bee_nest":15,"minecraft:azure_bluet":3,"minecraft:chicken":7,"minecraft:shield":4,"minecraft:cornflower":3,"minecraft:oak_trapdoor":5,"minecraft:iron_axe":2,"minecraft:iron_shovel":2,"minecraft:cartography_table":1,"minecraft:oak_boat":11,"minecraft:poppy":4,"minecraft:lectern":84,"minecraft:sugar_cane":354,"minecraft:raw_iron":132,"minecraft:sandstone":16,"minecraft:stone":23,"minecraft:oak_door":1,"minecraft:copper_ingot":1,"minecraft:spruce_fence":1,"minecraft:trident":1,"minecraft:carrot":66,"minecraft:redstone":87,"minecraft:arrow":65,"minecraft:peony":8,"minecraft:diamond_boots":1,"minecraft:saddle":1,"minecraft:mutton":12,"minecraft:white_wool":7,"minecraft:stripped_oak_log":5,"minecraft:leather":24,"minecraft:crimson_fungus":1,"minecraft:oak_log":97,"minecraft:yellow_bed":1,"minecraft:nether_wart_block":5,"minecraft:gunpowder":1,"minecraft:cobblestone_stairs":2,"minecraft:cooked_mutton":9,"minecraft:apple":2,"minecraft:kelp":1,"minecraft:oak_fence_gate":1,"minecraft:iron_ingot":79,"minecraft:cooked_chicken":11,"minecraft:stripped_oak_wood":1,"minecraft:iron_sword":3,"minecraft:soul_sand":80,"minecraft:oak_slab":11,"minecraft:warped_fungus":2,"minecraft:nether_quartz_ore":3,"minecraft:dandelion":21,"minecraft:raw_iron_block":2,"minecraft:gravel":70,"minecraft:spruce_sapling":348,"minecraft:blast_furnace":1,"minecraft:white_bed":3,"minecraft:spruce_log":2579,"minecraft:spider_eye":3,"minecraft:diamond_shovel":3,"minecraft:campfire":11,"minecraft:stone_axe":2,"minecraft:iron_helmet":2,"minecraft:diamond_axe":1,"minecraft:crimson_nylium":25,"minecraft:coal":134,"minecraft:sunflower":2},"minecraft:killed":{"minecraft:witch":2,"minecraft:spider":6,"minecraft:skeleton":34,"minecraft:chicken":7,"minecraft:piglin":3,"minecraft:pig":4,"minecraft:zombie_villager":2,"minecraft:creeper":2,"minecraft:sheep":7,"minecraft:zombie":22,"minecraft:drowned":4,"minecraft:squid":10},"minecraft:custom":{"minecraft:animals_bred":18,"minecraft:interact_with_crafting_table":87,"minecraft:leave_game":13,"minecraft:time_since_death":437457,"minecraft:sprint_one_cm":1852939,"minecraft:damage_blocked_by_shield":3028,"minecraft:drop":129,"minecraft:talked_to_villager":323,"minecraft:play_time":639578,"minecraft:deaths":3,"minecraft:jump":8822,"minecraft:walk_on_water_one_cm":128012,"minecraft:interact_with_furnace":210,"minecraft:traded_with_villager":582,"minecraft:sleep_in_bed":14,"minecraft:damage_dealt":14173,"minecraft:crouch_one_cm":81916,"minecraft:horse_one_cm":162761,"minecraft:interact_with_anvil":7,"minecraft:mob_kills":104,"minecraft:climb_one_cm":430,"minecraft:walk_one_cm":1743471,"minecraft:sneak_time":33237,"minecraft:walk_under_water_one_cm":70485,"minecraft:boat_one_cm":142099,"minecraft:total_world_time":639578,"minecraft:interact_with_grindstone":2,"minecraft:time_since_rest":54544,"minecraft:damage_taken":6749,"minecraft:swim_one_cm":298925,"minecraft:fly_one_cm":1805281,"minecraft:open_chest":423,"minecraft:fall_one_cm":231507},"minecraft:killed_by":{"minecraft:creeper":1,"minecraft:skeleton":1},"minecraft:used":{"minecraft:peony":5,"minecraft:iron_shovel":106,"minecraft:poppy":3,"minecraft:chest":10,"minecraft:shield":28,"minecraft:iron_sword":181,"minecraft:iron_chestplate":2,"minecraft:soul_sand":3,"minecraft:lily_of_the_valley":12,"minecraft:carrot":80,"minecraft:beehive":6,"minecraft:azure_bluet":2,"minecraft:obsidian":21,"minecraft:spruce_boat":1,"minecraft:glass":3,"minecraft:bow":104,"minecraft:oak_sapling":4,"minecraft:furnace":6,"minecraft:diorite":12,"minecraft:stone_pickaxe":330,"minecraft:oak_planks":2,"minecraft:wooden_pickaxe":5,"minecraft:sandstone":1,"minecraft:diamond_axe":1561,"minecraft:oak_leaves":1,"minecraft:sand":12,"minecraft:blast_furnace":1,"minecraft:shears":42,"minecraft:bread":1,"minecraft:lectern":88,"minecraft:gravel":25,"minecraft:lilac":5,"minecraft:nether_wart_block":1,"minecraft:diamond_sword":47,"minecraft:andesite":1,"minecraft:oak_boat":12,"minecraft:bone_meal":89,"minecraft:oak_fence":5,"minecraft:oak_trapdoor":6,"minecraft:rose_bush":2,"minecraft:enchanting_table":1,"minecraft:stone_sword":10,"minecraft:white_tulip":2,"minecraft:flint_and_steel":3,"minecraft:spruce_planks":52,"minecraft:stone_hoe":80,"minecraft:cooked_chicken":14,"minecraft:netherrack":41,"minecraft:torch":153,"minecraft:dirt":406,"minecraft:anvil":2,"minecraft:bee_nest":15,"minecraft:granite":1,"minecraft:spruce_fence":1,"minecraft:oak_fence_gate":1,"minecraft:red_tulip":8,"minecraft:iron_axe":786,"minecraft:golden_carrot":35,"minecraft:cooked_beef":41,"minecraft:cobbled_deepslate":57,"minecraft:cooked_mutton":9,"minecraft:water_bucket":2,"minecraft:glass_bottle":65,"minecraft:fletching_table":9,"minecraft:spruce_fence_gate":1,"minecraft:mossy_cobblestone":1,"minecraft:crafting_table":14,"minecraft:white_bed":3,"minecraft:campfire":26,"minecraft:spruce_log":10,"minecraft:cornflower":1,"minecraft:diamond_pickaxe":2081,"minecraft:apple":1,"minecraft:diamond_shovel":5454,"minecraft:iron_pickaxe":448,"minecraft:spruce_sapling":157,"minecraft:stone_axe":147,"minecraft:cobblestone":184,"minecraft:cooked_porkchop":9,"minecraft:bucket":2,"minecraft:stripped_oak_log":3,"minecraft:dandelion":6},"minecraft:mined":{"minecraft:spruce_planks":37,"minecraft:white_bed":3,"minecraft:farmland":33,"minecraft:cherry_log":27,"minecraft:cobblestone_stairs":2,"minecraft:obsidian":25,"minecraft:granite":35,"minecraft:grass_block":1139,"minecraft:composter":2,"minecraft:spawner":1,"minecraft:smooth_stone":2,"minecraft:tall_seagrass":1,"minecraft:magma_block":46,"minecraft:raw_iron_block":2,"minecraft:glowstone":22,"minecraft:fire":1,"minecraft:iron_ore":31,"minecraft:cobbled_deepslate":18,"minecraft:fletching_table":7,"minecraft:deepslate_lapis_ore":7,"minecraft:azure_bluet":1,"minecraft:red_tulip":8,"minecraft:dirt_path":31,"minecraft:oak_stairs":3,"minecraft:deepslate_redstone_ore":18,"minecraft:kelp_plant":28,"minecraft:crimson_nylium":47,"minecraft:blast_furnace":2,"minecraft:poppy":3,"minecraft:glass":8,"minecraft:nether_quartz_ore":7,"minecraft:cobblestone":196,"minecraft:sugar_cane":62,"minecraft:oak_planks":8,"minecraft:wall_torch":2,"minecraft:seagrass":4,"minecraft:nether_wart_block":5,"minecraft:wheat":14,"minecraft:lilac":17,"minecraft:stripped_oak_wood":1,"minecraft:warped_fungus":1,"minecraft:orange_tulip":1,"minecraft:oak_log":89,"minecraft:sand":2097,"minecraft:dirt":1592,"minecraft:stonecutter":1,"minecraft:netherrack":1625,"minecraft:oak_leaves":105,"minecraft:deepslate":150,"minecraft:nether_gold_ore":5,"minecraft:tuff":21,"minecraft:mossy_cobblestone":22,"minecraft:deepslate_diamond_ore":37,"minecraft:spruce_fence":1,"minecraft:crimson_roots":2,"minecraft:spruce_leaves":61,"minecraft:cartography_table":1,"minecraft:sandstone":8,"minecraft:oak_trapdoor":5,"minecraft:spruce_sapling":20,"minecraft:furnace":4,"minecraft:carrots":89,"minecraft:andesite":24,"minecraft:peony":9,"minecraft:bookshelf":1,"minecraft:deepslate_iron_ore":102,"minecraft:stripped_oak_log":5,"minecraft:stone":254,"minecraft:white_tulip":1,"minecraft:podzol":377,"minecraft:smithing_table":1,"minecraft:glass_pane":3,"minecraft:soul_sand":83,"minecraft:lily_of_the_valley":18,"minecraft:dandelion":16,"minecraft:oak_fence":17,"minecraft:crafting_table":6,"minecraft:cornflower":1,"minecraft:short_grass":161,"minecraft:rose_bush":7,"minecraft:lectern":84,"minecraft:campfire":11,"minecraft:tall_grass":10,"minecraft:copper_ore":7,"minecraft:lapis_ore":2,"minecraft:deepslate_gold_ore":41,"minecraft:diorite":27,"minecraft:spruce_log":2086,"minecraft:bee_nest":15,"minecraft:yellow_bed":1,"minecraft:coal_ore":29,"minecraft:cherry_leaves":2,"minecraft:sunflower":1,"minecraft:gravel":71,"minecraft:cobweb":8,"minecraft:gold_ore":1}},"DataVersion":3953}