{"stats":{"minecraft:used":{"minecraft:peony":5,"minecraft:iron_shovel":106,"minecraft:ladder":18,"minecraft:poppy":3,"minecraft:chest":31,"minecraft:shield":44,"minecraft:stone":150,"minecraft:iron_sword":181,"minecraft:iron_chestplate":2,"minecraft:soul_campfire":9,"minecraft:soul_sand":3,"minecraft:lily_of_the_valley":12,"minecraft:carrot":80,"minecraft:beehive":6,"minecraft:azure_bluet":2,"minecraft:obsidian":41,"minecraft:spruce_boat":14,"minecraft:glass":35,"minecraft:lava_bucket":3,"minecraft:grass_block":1,"minecraft:bow":283,"minecraft:oak_sapling":4,"minecraft:furnace":6,"minecraft:gray_bed":1,"minecraft:diorite":12,"minecraft:stone_pickaxe":330,"minecraft:oak_planks":2,"minecraft:wooden_pickaxe":5,"minecraft:sandstone":7,"minecraft:sugar_cane":262,"minecraft:diamond_axe":1561,"minecraft:blue_bed":1,"minecraft:oak_leaves":1,"minecraft:sand":12,"minecraft:blast_furnace":1,"minecraft:crossbow":6,"minecraft:shears":42,"minecraft:bread":1,"minecraft:lectern":88,"minecraft:gravel":27,"minecraft:lilac":5,"minecraft:nether_wart_block":1,"minecraft:diamond_sword":205,"minecraft:andesite":1,"minecraft:oak_boat":23,"minecraft:bone_meal":89,"minecraft:oak_fence":5,"minecraft:oak_trapdoor":6,"minecraft:rose_bush":2,"minecraft:enchanting_table":1,"minecraft:stone_sword":10,"minecraft:white_tulip":2,"minecraft:flint_and_steel":6,"minecraft:spruce_planks":53,"minecraft:stone_hoe":80,"minecraft:cooked_chicken":14,"minecraft:netherrack":45,"minecraft:torch":186,"minecraft:dirt":1425,"minecraft:anvil":2,"minecraft:hopper":9,"minecraft:stone_stairs":60,"minecraft:bee_nest":15,"minecraft:granite":5,"minecraft:spruce_fence":25,"minecraft:oak_fence_gate":1,"minecraft:red_tulip":8,"minecraft:iron_axe":1221,"minecraft:golden_carrot":36,"minecraft:cooked_beef":83,"minecraft:cobbled_deepslate":57,"minecraft:wheat_seeds":18,"minecraft:cooked_mutton":9,"minecraft:water_bucket":137,"minecraft:cobblestone_stairs":99,"minecraft:glass_bottle":67,"minecraft:birch_boat":4,"minecraft:spruce_sign":9,"minecraft:cobblestone_slab":13,"minecraft:fletching_table":9,"minecraft:spruce_fence_gate":66,"minecraft:mossy_cobblestone":1,"minecraft:crafting_table":18,"minecraft:white_bed":7,"minecraft:campfire":26,"minecraft:spruce_log":11,"minecraft:cornflower":1,"minecraft:diamond_pickaxe":3141,"minecraft:apple":1,"minecraft:diamond_shovel":8758,"minecraft:iron_pickaxe":448,"minecraft:stone_slab":357,"minecraft:spruce_sapling":157,"minecraft:stone_axe":147,"minecraft:cobblestone":1194,"minecraft:cooked_porkchop":9,"minecraft:bucket":144,"minecraft:yellow_bed":2,"minecraft:stripped_oak_log":3,"minecraft:dandelion":6},"minecraft:picked_up":{"minecraft:iron_chestplate":3,"minecraft:wheat":65,"minecraft:smithing_table":1,"minecraft:stone_slab":515,"minecraft:oak_stairs":51,"minecraft:string":24,"minecraft:raw_copper":31,"minecraft:iron_leggings":2,"minecraft:diamond_leggings":1,"minecraft:cobbled_deepslate":163,"minecraft:smooth_stone":2,"minecraft:spruce_planks":140,"minecraft:white_tulip":2,"minecraft:rose_bush":6,"minecraft:cobblestone_slab":1,"minecraft:iron_pickaxe":4,"minecraft:furnace":6,"minecraft:iron_boots":1,"minecraft:stick":240,"minecraft:composter":3,"minecraft:oak_fence":17,"minecraft:torch":24,"minecraft:porkchop":9,"minecraft:cherry_log":27,"minecraft:diorite":29,"minecraft:nether_gold_ore":4,"minecraft:rotten_flesh":44,"minecraft:red_tulip":9,"minecraft:bookshelf":1,"minecraft:obsidian":45,"minecraft:cobblestone":2631,"minecraft:birch_log":2,"minecraft:magma_block":33,"minecraft:cooked_beef":5,"minecraft:feather":5,"minecraft:lilac":14,"minecraft:water_bucket":3,"minecraft:andesite":26,"minecraft:potato":1,"minecraft:flint":33,"minecraft:tuff":21,"minecraft:lapis_lazuli":55,"minecraft:dirt":4345,"minecraft:name_tag":4,"minecraft:glass":80,"minecraft:bone":48,"minecraft:stonecutter":1,"minecraft:bow":4,"minecraft:wheat_seeds":230,"minecraft:orange_tulip":1,"minecraft:raw_gold":40,"minecraft:bell":1,"minecraft:fletching_table":6,"minecraft:oak_planks":36,"minecraft:honeycomb":18,"minecraft:cooked_porkchop":3,"minecraft:oak_pressure_plate":1,"minecraft:sand":1751,"minecraft:stripped_spruce_log":1,"minecraft:ink_sac":22,"minecraft:grass_block":2,"minecraft:lily_of_the_valley":14,"minecraft:mossy_cobblestone":23,"minecraft:spruce_fence_gate":81,"minecraft:diamond":40,"minecraft:spruce_boat":12,"minecraft:crossbow":1,"minecraft:granite":36,"minecraft:bone_meal":4,"minecraft:emerald":35,"minecraft:spruce_sign":18,"minecraft:bread":1,"minecraft:oak_sapling":5,"minecraft:netherrack":1192,"minecraft:oak_leaves":31,"minecraft:crimson_roots":5,"minecraft:diamond_pickaxe":5,"minecraft:crafting_table":9,"minecraft:bee_nest":15,"minecraft:azure_bluet":3,"minecraft:chicken":7,"minecraft:ladder":42,"minecraft:shield":4,"minecraft:cornflower":4,"minecraft:oak_trapdoor":5,"minecraft:iron_axe":2,"minecraft:iron_shovel":2,"minecraft:cartography_table":1,"minecraft:oak_boat":23,"minecraft:poppy":4,"minecraft:lectern":84,"minecraft:sugar_cane":616,"minecraft:chest":16,"minecraft:raw_iron":132,"minecraft:sandstone":16,"minecraft:stone":950,"minecraft:oak_door":1,"minecraft:copper_ingot":1,"minecraft:spruce_fence":1,"minecraft:trident":1,"minecraft:carrot":66,"minecraft:redstone":87,"minecraft:arrow":69,"minecraft:peony":8,"minecraft:diamond_boots":1,"minecraft:saddle":1,"minecraft:mutton":12,"minecraft:white_wool":7,"minecraft:soul_campfire":9,"minecraft:stripped_oak_log":8,"minecraft:leather":24,"minecraft:crimson_fungus":1,"minecraft:oak_log":101,"minecraft:lily_pad":122,"minecraft:yellow_bed":3,"minecraft:nether_wart_block":5,"minecraft:gunpowder":1,"minecraft:cobblestone_stairs":333,"minecraft:blue_bed":6,"minecraft:cooked_mutton":9,"minecraft:apple":2,"minecraft:kelp":1,"minecraft:iron_ingot":422,"minecraft:oak_fence_gate":1,"minecraft:cooked_chicken":11,"minecraft:stripped_oak_wood":1,"minecraft:gray_bed":5,"minecraft:iron_sword":3,"minecraft:soul_sand":199,"minecraft:oak_slab":11,"minecraft:warped_fungus":2,"minecraft:nether_quartz_ore":3,"minecraft:birch_boat":5,"minecraft:dandelion":22,"minecraft:raw_iron_block":2,"minecraft:gravel":146,"minecraft:lava_bucket":2,"minecraft:spruce_sapling":363,"minecraft:blast_furnace":1,"minecraft:white_bed":12,"minecraft:spruce_log":2997,"minecraft:spider_eye":8,"minecraft:diamond_shovel":3,"minecraft:campfire":11,"minecraft:stone_axe":2,"minecraft:iron_helmet":2,"minecraft:diamond_axe":1,"minecraft:crimson_nylium":25,"minecraft:coal":134,"minecraft:hopper":18,"minecraft:sunflower":43},"minecraft:dropped":{"minecraft:iron_sword":1,"minecraft:soul_sand":64,"minecraft:birch_planks":3,"minecraft:oak_pressure_plate":1,"minecraft:warped_fungus":1,"minecraft:cooked_beef":5,"minecraft:oak_log":6,"minecraft:crafting_table":2,"minecraft:flint":1,"minecraft:cobblestone_stairs":65,"minecraft:emerald":162,"minecraft:dirt":401,"minecraft:crimson_roots":3,"minecraft:sand":6,"minecraft:iron_pickaxe":2,"minecraft:stripped_oak_wood":1,"minecraft:bone":2,"minecraft:oak_door":1,"minecraft:gravel":19,"minecraft:crimson_fungus":1,"minecraft:sugar_cane":3,"minecraft:rotten_flesh":20,"minecraft:oak_planks":15,"minecraft:diamond_shovel":2,"minecraft:carrot":33,"minecraft:arrow":133,"minecraft:glass":72,"minecraft:iron_ingot":1230,"minecraft:oak_slab":10,"minecraft:wheat_seeds":201,"minecraft:mossy_cobblestone":9,"minecraft:smithing_table":1,"minecraft:diamond_leggings":1,"minecraft:oak_fence":4,"minecraft:cobblestone":288,"minecraft:grass_block":1,"minecraft:coal":56,"minecraft:stick":217,"minecraft:spruce_fence_gate":34,"minecraft:wooden_hoe":1,"minecraft:torch":4,"minecraft:cherry_planks":1,"minecraft:iron_leggings":2,"minecraft:oak_stairs":49,"minecraft:stonecutter":1,"minecraft:iron_axe":2,"minecraft:paper":9,"minecraft:string":8,"minecraft:spruce_sapling":170,"minecraft:dandelion":1,"minecraft:kelp":1,"minecraft:raw_copper":39,"minecraft:iron_boots":1,"minecraft:stone_slab":3,"minecraft:flint_and_steel":1,"minecraft:cobblestone_slab":18,"minecraft:stone":1,"minecraft:shield":3,"minecraft:spruce_planks":20,"minecraft:diamond_pickaxe":6,"minecraft:iron_chestplate":1,"minecraft:yellow_bed":1,"minecraft:oak_sapling":1,"minecraft:oak_boat":3,"minecraft:spider_eye":4,"minecraft:spruce_log":549,"minecraft:diamond_boots":2,"minecraft:birch_boat":2,"minecraft:sandstone":8,"minecraft:bow":2},"minecraft:killed":{"minecraft:witch":2,"minecraft:spider":13,"minecraft:skeleton":37,"minecraft:chicken":7,"minecraft:piglin":5,"minecraft:pig":4,"minecraft:zombie_villager":2,"minecraft:creeper":2,"minecraft:sheep":7,"minecraft:zombie":25,"minecraft:drowned":6,"minecraft:squid":10,"minecraft:enderman":1},"minecraft:custom":{"minecraft:animals_bred":56,"minecraft:interact_with_crafting_table":107,"minecraft:leave_game":24,"minecraft:time_since_death":787630,"minecraft:sprint_one_cm":2566902,"minecraft:damage_blocked_by_shield":3718,"minecraft:drop":201,"minecraft:talked_to_villager":346,"minecraft:play_time":989751,"minecraft:deaths":3,"minecraft:jump":12775,"minecraft:walk_on_water_one_cm":257722,"minecraft:interact_with_furnace":225,"minecraft:traded_with_villager":644,"minecraft:sleep_in_bed":20,"minecraft:damage_dealt":16809,"minecraft:crouch_one_cm":207082,"minecraft:horse_one_cm":162761,"minecraft:interact_with_anvil":13,"minecraft:mob_kills":122,"minecraft:inspect_hopper":2,"minecraft:climb_one_cm":7507,"minecraft:walk_one_cm":2628518,"minecraft:sneak_time":72239,"minecraft:walk_under_water_one_cm":90276,"minecraft:boat_one_cm":511345,"minecraft:total_world_time":989751,"minecraft:interact_with_grindstone":2,"minecraft:interact_with_stonecutter":1,"minecraft:time_since_rest":91786,"minecraft:damage_taken":8739,"minecraft:swim_one_cm":341531,"minecraft:fly_one_cm":2545349,"minecraft:open_chest":609,"minecraft:fall_one_cm":318203},"minecraft:mined":{"minecraft:spruce_planks":39,"minecraft:white_bed":8,"minecraft:farmland":35,"minecraft:cobblestone_stairs":5,"minecraft:cherry_log":27,"minecraft:obsidian":46,"minecraft:granite":36,"minecraft:grass_block":2205,"minecraft:composter":2,"minecraft:spawner":1,"minecraft:smooth_stone":2,"minecraft:tall_seagrass":5,"minecraft:raw_iron_block":2,"minecraft:magma_block":46,"minecraft:glowstone":22,"minecraft:iron_ore":34,"minecraft:cobbled_deepslate":18,"minecraft:fire":1,"minecraft:deepslate_lapis_ore":7,"minecraft:fletching_table":7,"minecraft:azure_bluet":1,"minecraft:red_tulip":8,"minecraft:dirt_path":31,"minecraft:oak_stairs":3,"minecraft:deepslate_redstone_ore":18,"minecraft:kelp_plant":28,"minecraft:crimson_nylium":47,"minecraft:torch":1,"minecraft:blast_furnace":2,"minecraft:poppy":3,"minecraft:chest":15,"minecraft:glass":34,"minecraft:nether_quartz_ore":7,"minecraft:cobblestone":291,"minecraft:oak_planks":8,"minecraft:sugar_cane":203,"minecraft:wall_torch":3,"minecraft:seagrass":5,"minecraft:nether_wart_block":5,"minecraft:wheat":34,"minecraft:lilac":17,"minecraft:stripped_oak_wood":1,"minecraft:warped_fungus":1,"minecraft:orange_tulip":1,"minecraft:oak_log":99,"minecraft:sand":2108,"minecraft:dirt":3232,"minecraft:stonecutter":1,"minecraft:netherrack":1631,"minecraft:oak_leaves":110,"minecraft:deepslate":150,"minecraft:nether_gold_ore":5,"minecraft:tuff":21,"minecraft:mossy_cobblestone":22,"minecraft:deepslate_diamond_ore":37,"minecraft:spruce_fence":1,"minecraft:crimson_roots":2,"minecraft:spruce_leaves":70,"minecraft:cartography_table":1,"minecraft:sandstone":8,"minecraft:oak_trapdoor":5,"minecraft:spruce_sapling":20,"minecraft:furnace":4,"minecraft:carrots":89,"minecraft:andesite":24,"minecraft:stripped_spruce_log":1,"minecraft:peony":9,"minecraft:bookshelf":1,"minecraft:cobblestone_slab":1,"minecraft:deepslate_iron_ore":102,"minecraft:stripped_oak_log":5,"minecraft:stone":1107,"minecraft:white_tulip":1,"minecraft:smithing_table":1,"minecraft:podzol":850,"minecraft:glass_pane":3,"minecraft:soul_sand":83,"minecraft:lily_of_the_valley":18,"minecraft:dandelion":17,"minecraft:oak_fence":17,"minecraft:crafting_table":7,"minecraft:cornflower":1,"minecraft:short_grass":347,"minecraft:rose_bush":7,"minecraft:lectern":84,"minecraft:campfire":11,"minecraft:stone_slab":40,"minecraft:copper_ore":7,"minecraft:tall_grass":29,"minecraft:lapis_ore":2,"minecraft:deepslate_gold_ore":41,"minecraft:lily_pad":106,"minecraft:diorite":27,"minecraft:blue_bed":2,"minecraft:spruce_log":2464,"minecraft:bee_nest":15,"minecraft:yellow_bed":4,"minecraft:coal_ore":29,"minecraft:cherry_leaves":2,"minecraft:sunflower":62,"minecraft:gravel":169,"minecraft:cobweb":8,"minecraft:spruce_fence_gate":2,"minecraft:gold_ore":1},"minecraft:killed_by":{"minecraft:creeper":1,"minecraft:skeleton":1},"minecraft:crafted":{"minecraft:oak_planks":512,"minecraft:cobblestone_slab":30,"minecraft:birch_boat":1,"minecraft:cooked_chicken":6,"minecraft:diamond_shovel":1,"minecraft:bookshelf":5,"minecraft:cooked_mutton":8,"minecraft:glass":162,"minecraft:hopper":9,"minecraft:diamond_helmet":1,"minecraft:bow":5,"minecraft:diamond_leggings":2,"minecraft:iron_boots":2,"minecraft:chest":32,"minecraft:stone_hoe":1,"minecraft:name_tag":1,"minecraft:glass_bottle":78,"minecraft:oak_slab":18,"minecraft:emerald":552,"minecraft:arrow":368,"minecraft:cooked_porkchop":9,"minecraft:diamond_axe":1,"minecraft:crafting_table":11,"minecraft:spruce_planks":9204,"minecraft:wooden_pickaxe":1,"minecraft:iron_helmet":2,"minecraft:chainmail_chestplate":12,"minecraft:fletching_table":3,"minecraft:birch_planks":16,"minecraft:campfire":15,"minecraft:lectern":4,"minecraft:iron_chestplate":1,"minecraft:book":5,"minecraft:diamond_pickaxe":4,"minecraft:paper":309,"minecraft:charcoal":19,"minecraft:shield":4,"minecraft:stick":18024,"minecraft:iron_ingot":380,"minecraft:compass":7,"minecraft:iron_pickaxe":2,"minecraft:iron_block":120,"minecraft:stone_sword":1,"minecraft:gold_ingot":44,"minecraft:sandstone":1,"minecraft:spruce_fence_gate":98,"minecraft:shears":1,"minecraft:golden_carrot":36,"minecraft:cherry_planks":108,"minecraft:raw_iron":18,"minecraft:stone_shovel":1,"minecraft:beehive":6,"minecraft:furnace":2,"minecraft:bone_meal":78,"minecraft:spruce_fence":24,"minecraft:oak_trapdoor":2,"minecraft:flint_and_steel":2,"minecraft:iron_axe":3,"minecraft:ladder":21,"minecraft:spruce_slab":6,"minecraft:stone_pickaxe":3,"minecraft:diamond_boots":3,"minecraft:spruce_boat":2,"minecraft:spruce_sapling":2,"minecraft:chainmail_leggings":1,"minecraft:cooked_beef":63,"minecraft:diamond_sword":1,"minecraft:spruce_sign":9,"minecraft:enchanting_table":1,"minecraft:iron_sword":1,"minecraft:bucket":5,"minecraft:stone_axe":2,"minecraft:enchanted_book":4,"minecraft:air":0,"minecraft:oak_boat":8,"minecraft:white_wool":3,"minecraft:gold_nugget":288,"minecraft:chainmail_boots":11,"minecraft:iron_shovel":1,"minecraft:iron_leggings":12,"minecraft:anvil":2,"minecraft:white_bed":1,"minecraft:torch":164,"minecraft:diamond_chestplate":1},"minecraft:broken":{"minecraft:stone_pickaxe":2,"minecraft:diamond_axe":1,"minecraft:iron_axe":4}},"DataVersion":3953}