{"stats":{"minecraft:broken":{"minecraft:stone_pickaxe":2,"minecraft:iron_axe":2},"minecraft:mined":{"minecraft:tuff":21,"minecraft:mossy_cobblestone":3,"minecraft:deepslate_diamond_ore":37,"minecraft:cobblestone_stairs":1,"minecraft:cherry_log":27,"minecraft:granite":24,"minecraft:grass_block":20,"minecraft:spruce_leaves":45,"minecraft:composter":2,"minecraft:cartography_table":1,"minecraft:spawner":1,"minecraft:smooth_stone":2,"minecraft:tall_seagrass":1,"minecraft:raw_iron_block":2,"minecraft:spruce_sapling":3,"minecraft:furnace":4,"minecraft:iron_ore":31,"minecraft:cobbled_deepslate":8,"minecraft:andesite":11,"minecraft:deepslate_lapis_ore":7,"minecraft:fletching_table":7,"minecraft:dirt_path":6,"minecraft:deepslate_iron_ore":102,"minecraft:oak_stairs":2,"minecraft:stone":208,"minecraft:smithing_table":1,"minecraft:deepslate_redstone_ore":18,"minecraft:kelp_plant":28,"minecraft:dandelion":1,"minecraft:oak_fence":5,"minecraft:crafting_table":4,"minecraft:short_grass":25,"minecraft:blast_furnace":2,"minecraft:copper_ore":7,"minecraft:tall_grass":1,"minecraft:cobblestone":43,"minecraft:deepslate_gold_ore":41,"minecraft:lapis_ore":2,"minecraft:oak_planks":7,"minecraft:sugar_cane":48,"minecraft:diorite":27,"minecraft:wall_torch":2,"minecraft:seagrass":3,"minecraft:spruce_log":1511,"minecraft:stripped_oak_wood":1,"minecraft:oak_log":31,"minecraft:coal_ore":28,"minecraft:cherry_leaves":2,"minecraft:sunflower":1,"minecraft:gravel":46,"minecraft:dirt":70,"minecraft:cobweb":8,"minecraft:stonecutter":1,"minecraft:gold_ore":1,"minecraft:oak_leaves":11,"minecraft:deepslate":150},"minecraft:killed_by":{"minecraft:creeper":1,"minecraft:skeleton":1},"minecraft:custom":{"minecraft:mob_kills":77,"minecraft:interact_with_crafting_table":46,"minecraft:leave_game":8,"minecraft:time_since_death":98267,"minecraft:sprint_one_cm":877831,"minecraft:walk_one_cm":714940,"minecraft:damage_blocked_by_shield":3028,"minecraft:drop":71,"minecraft:talked_to_villager":140,"minecraft:play_time":300388,"minecraft:sneak_time":19731,"minecraft:deaths":3,"minecraft:walk_under_water_one_cm":27986,"minecraft:jump":4390,"minecraft:walk_on_water_one_cm":50844,"minecraft:total_world_time":300388,"minecraft:interact_with_furnace":97,"minecraft:traded_with_villager":423,"minecraft:sleep_in_bed":9,"minecraft:time_since_rest":85201,"minecraft:damage_taken":3818,"minecraft:damage_dealt":10654,"minecraft:swim_one_cm":98446,"minecraft:fly_one_cm":780947,"minecraft:open_chest":208,"minecraft:crouch_one_cm":44590,"minecraft:fall_one_cm":110117,"minecraft:horse_one_cm":162761},"minecraft:used":{"minecraft:oak_fence":2,"minecraft:stone_sword":10,"minecraft:iron_shovel":106,"minecraft:chest":8,"minecraft:shield":28,"minecraft:iron_sword":181,"minecraft:cooked_chicken":14,"minecraft:iron_chestplate":2,"minecraft:torch":153,"minecraft:dirt":76,"minecraft:oak_fence_gate":1,"minecraft:iron_axe":545,"minecraft:bow":62,"minecraft:golden_carrot":17,"minecraft:oak_sapling":1,"minecraft:furnace":6,"minecraft:cooked_beef":6,"minecraft:cobbled_deepslate":54,"minecraft:cooked_mutton":9,"minecraft:diorite":12,"minecraft:stone_pickaxe":330,"minecraft:oak_planks":2,"minecraft:wooden_pickaxe":5,"minecraft:diamond_axe":1055,"minecraft:fletching_table":8,"minecraft:mossy_cobblestone":1,"minecraft:blast_furnace":1,"minecraft:crafting_table":9,"minecraft:spruce_log":10,"minecraft:apple":1,"minecraft:diamond_shovel":10,"minecraft:bread":1,"minecraft:iron_pickaxe":448,"minecraft:spruce_sapling":80,"minecraft:gravel":25,"minecraft:stone_axe":79,"minecraft:cobblestone":168,"minecraft:cooked_porkchop":9,"minecraft:andesite":1,"minecraft:bone_meal":78},"minecraft:dropped":{"minecraft:iron_ingot":78,"minecraft:wheat_seeds":3,"minecraft:mossy_cobblestone":1,"minecraft:smithing_table":1,"minecraft:crafting_table":2,"minecraft:diamond_leggings":1,"minecraft:oak_fence":3,"minecraft:cobblestone":90,"minecraft:coal":56,"minecraft:flint":1,"minecraft:emerald":73,"minecraft:stick":19,"minecraft:dirt":4,"minecraft:iron_leggings":2,"minecraft:stonecutter":1,"minecraft:iron_axe":2,"minecraft:iron_pickaxe":2,"minecraft:stripped_oak_wood":1,"minecraft:spruce_sapling":120,"minecraft:dandelion":1,"minecraft:kelp":1,"minecraft:sugar_cane":3,"minecraft:raw_copper":39,"minecraft:rotten_flesh":5,"minecraft:oak_planks":3,"minecraft:iron_boots":1,"minecraft:shield":3,"minecraft:iron_chestplate":1,"minecraft:diamond_boots":1,"minecraft:spruce_log":215,"minecraft:bow":2,"minecraft:arrow":133},"minecraft:crafted":{"minecraft:golden_carrot":36,"minecraft:cherry_planks":108,"minecraft:oak_planks":120,"minecraft:raw_iron":18,"minecraft:stone_shovel":1,"minecraft:cooked_chicken":6,"minecraft:furnace":2,"minecraft:bone_meal":78,"minecraft:cooked_mutton":8,"minecraft:diamond_helmet":1,"minecraft:bow":5,"minecraft:diamond_leggings":2,"minecraft:iron_boots":2,"minecraft:iron_axe":3,"minecraft:stone_pickaxe":3,"minecraft:chest":8,"minecraft:diamond_boots":2,"minecraft:spruce_sapling":2,"minecraft:chainmail_leggings":1,"minecraft:diamond_sword":1,"minecraft:emerald":353,"minecraft:arrow":352,"minecraft:cooked_porkchop":9,"minecraft:diamond_axe":1,"minecraft:crafting_table":5,"minecraft:spruce_planks":5752,"minecraft:wooden_pickaxe":1,"minecraft:iron_helmet":2,"minecraft:iron_sword":1,"minecraft:chainmail_chestplate":12,"minecraft:fletching_table":2,"minecraft:bucket":1,"minecraft:birch_planks":8,"minecraft:stone_axe":1,"minecraft:air":0,"minecraft:iron_chestplate":1,"minecraft:book":1,"minecraft:paper":81,"minecraft:diamond_pickaxe":1,"minecraft:gold_nugget":288,"minecraft:shield":4,"minecraft:stick":11467,"minecraft:chainmail_boots":11,"minecraft:iron_ingot":176,"minecraft:iron_pickaxe":2,"minecraft:stone_sword":1,"minecraft:iron_shovel":1,"minecraft:iron_leggings":12,"minecraft:gold_ingot":44,"minecraft:torch":164,"minecraft:diamond_chestplate":1},"minecraft:picked_up":{"minecraft:iron_chestplate":3,"minecraft:crafting_table":6,"minecraft:chicken":7,"minecraft:smithing_table":1,"minecraft:oak_stairs":2,"minecraft:shield":4,"minecraft:string":16,"minecraft:raw_copper":31,"minecraft:iron_axe":2,"minecraft:iron_leggings":2,"minecraft:iron_shovel":2,"minecraft:diamond_leggings":1,"minecraft:cartography_table":1,"minecraft:smooth_stone":2,"minecraft:cobbled_deepslate":154,"minecraft:spruce_planks":88,"minecraft:iron_pickaxe":4,"minecraft:sugar_cane":90,"minecraft:iron_boots":1,"minecraft:furnace":6,"minecraft:stick":147,"minecraft:raw_iron":132,"minecraft:composter":3,"minecraft:oak_fence":5,"minecraft:torch":15,"minecraft:porkchop":9,"minecraft:cherry_log":27,"minecraft:diorite":29,"minecraft:trident":1,"minecraft:redstone":80,"minecraft:arrow":61,"minecraft:rotten_flesh":24,"minecraft:diamond_boots":1,"minecraft:saddle":1,"minecraft:mutton":12,"minecraft:white_wool":7,"minecraft:cobblestone":368,"minecraft:birch_log":2,"minecraft:feather":5,"minecraft:andesite":13,"minecraft:leather":23,"minecraft:potato":1,"minecraft:flint":5,"minecraft:tuff":21,"minecraft:oak_log":31,"minecraft:gunpowder":1,"minecraft:cobblestone_stairs":1,"minecraft:lapis_lazuli":55,"minecraft:dirt":109,"minecraft:cooked_mutton":9,"minecraft:bone":46,"minecraft:apple":2,"minecraft:bow":4,"minecraft:kelp":1,"minecraft:stonecutter":1,"minecraft:wheat_seeds":5,"minecraft:raw_gold":40,"minecraft:iron_ingot":59,"minecraft:oak_fence_gate":1,"minecraft:cooked_chicken":11,"minecraft:stripped_oak_wood":1,"minecraft:fletching_table":6,"minecraft:iron_sword":3,"minecraft:oak_planks":23,"minecraft:cooked_porkchop":3,"minecraft:dandelion":1,"minecraft:raw_iron_block":2,"minecraft:gravel":53,"minecraft:spruce_sapling":241,"minecraft:blast_furnace":1,"minecraft:spruce_log":1971,"minecraft:spider_eye":3,"minecraft:mossy_cobblestone":4,"minecraft:diamond_shovel":1,"minecraft:diamond":40,"minecraft:stone_axe":2,"minecraft:iron_helmet":2,"minecraft:granite":24,"minecraft:diamond_axe":1,"minecraft:bone_meal":4,"minecraft:bread":1,"minecraft:emerald":13,"minecraft:oak_sapling":3,"minecraft:coal":133,"minecraft:sunflower":2},"minecraft:killed":{"minecraft:witch":1,"minecraft:spider":6,"minecraft:skeleton":31,"minecraft:chicken":7,"minecraft:drowned":2,"minecraft:pig":4,"minecraft:zombie_villager":1,"minecraft:creeper":2,"minecraft:sheep":7,"minecraft:zombie":16}},"DataVersion":3953}