{"stats":{"minecraft:broken":{"minecraft:stone_pickaxe":2,"minecraft:diamond_axe":1,"minecraft:iron_axe":2},"minecraft:dropped":{"minecraft:iron_sword":1,"minecraft:warped_fungus":1,"minecraft:oak_pressure_plate":1,"minecraft:oak_log":3,"minecraft:crafting_table":2,"minecraft:flint":1,"minecraft:emerald":97,"minecraft:cobblestone_stairs":1,"minecraft:dirt":100,"minecraft:iron_pickaxe":2,"minecraft:stripped_oak_wood":1,"minecraft:oak_door":1,"minecraft:crimson_fungus":1,"minecraft:sugar_cane":3,"minecraft:rotten_flesh":6,"minecraft:oak_planks":15,"minecraft:diamond_shovel":2,"minecraft:arrow":133,"minecraft:glass":72,"minecraft:iron_ingot":78,"minecraft:oak_slab":10,"minecraft:wheat_seeds":3,"minecraft:mossy_cobblestone":9,"minecraft:smithing_table":1,"minecraft:diamond_leggings":1,"minecraft:oak_fence":4,"minecraft:cobblestone":206,"minecraft:coal":56,"minecraft:stick":42,"minecraft:torch":4,"minecraft:iron_leggings":2,"minecraft:oak_stairs":49,"minecraft:stonecutter":1,"minecraft:iron_axe":2,"minecraft:paper":9,"minecraft:spruce_sapling":170,"minecraft:dandelion":1,"minecraft:kelp":1,"minecraft:raw_copper":39,"minecraft:iron_boots":1,"minecraft:stone":1,"minecraft:shield":3,"minecraft:spruce_planks":20,"minecraft:iron_chestplate":1,"minecraft:diamond_pickaxe":3,"minecraft:yellow_bed":1,"minecraft:oak_boat":1,"minecraft:oak_sapling":1,"minecraft:diamond_boots":2,"minecraft:spruce_log":357,"minecraft:bow":2},"minecraft:crafted":{"minecraft:oak_planks":248,"minecraft:cooked_chicken":6,"minecraft:bookshelf":1,"minecraft:cooked_mutton":8,"minecraft:glass":150,"minecraft:diamond_helmet":1,"minecraft:bow":5,"minecraft:diamond_leggings":2,"minecraft:iron_boots":2,"minecraft:chest":10,"minecraft:stone_hoe":1,"minecraft:glass_bottle":78,"minecraft:emerald":448,"minecraft:arrow":368,"minecraft:cooked_porkchop":9,"minecraft:diamond_axe":1,"minecraft:crafting_table":7,"minecraft:spruce_planks":7216,"minecraft:wooden_pickaxe":1,"minecraft:iron_helmet":2,"minecraft:chainmail_chestplate":12,"minecraft:fletching_table":3,"minecraft:birch_planks":8,"minecraft:campfire":15,"minecraft:iron_chestplate":1,"minecraft:book":4,"minecraft:diamond_pickaxe":3,"minecraft:paper":117,"minecraft:charcoal":19,"minecraft:shield":4,"minecraft:stick":14335,"minecraft:iron_ingot":380,"minecraft:compass":7,"minecraft:iron_pickaxe":2,"minecraft:iron_block":6,"minecraft:stone_sword":1,"minecraft:gold_ingot":44,"minecraft:spruce_fence_gate":1,"minecraft:shears":1,"minecraft:golden_carrot":36,"minecraft:cherry_planks":108,"minecraft:raw_iron":18,"minecraft:stone_shovel":1,"minecraft:beehive":6,"minecraft:furnace":2,"minecraft:bone_meal":78,"minecraft:oak_trapdoor":2,"minecraft:iron_axe":3,"minecraft:stone_pickaxe":3,"minecraft:diamond_boots":3,"minecraft:spruce_boat":1,"minecraft:spruce_sapling":2,"minecraft:chainmail_leggings":1,"minecraft:cooked_beef":63,"minecraft:diamond_sword":1,"minecraft:enchanting_table":1,"minecraft:iron_sword":1,"minecraft:bucket":2,"minecraft:stone_axe":1,"minecraft:enchanted_book":3,"minecraft:air":0,"minecraft:oak_boat":5,"minecraft:gold_nugget":288,"minecraft:chainmail_boots":11,"minecraft:iron_shovel":1,"minecraft:iron_leggings":12,"minecraft:anvil":2,"minecraft:torch":164,"minecraft:diamond_chestplate":1},"minecraft:picked_up":{"minecraft:iron_chestplate":3,"minecraft:wheat":13,"minecraft:smithing_table":1,"minecraft:oak_stairs":51,"minecraft:string":16,"minecraft:raw_copper":31,"minecraft:iron_leggings":2,"minecraft:diamond_leggings":1,"minecraft:cobbled_deepslate":163,"minecraft:smooth_stone":2,"minecraft:spruce_planks":125,"minecraft:white_tulip":2,"minecraft:rose_bush":6,"minecraft:iron_pickaxe":4,"minecraft:furnace":6,"minecraft:iron_boots":1,"minecraft:stick":221,"minecraft:composter":3,"minecraft:oak_fence":16,"minecraft:torch":22,"minecraft:porkchop":9,"minecraft:cherry_log":27,"minecraft:diorite":29,"minecraft:nether_gold_ore":4,"minecraft:rotten_flesh":28,"minecraft:red_tulip":9,"minecraft:obsidian":14,"minecraft:cobblestone":519,"minecraft:birch_log":2,"minecraft:magma_block":33,"minecraft:feather":5,"minecraft:lilac":14,"minecraft:andesite":13,"minecraft:potato":1,"minecraft:flint":7,"minecraft:tuff":21,"minecraft:lapis_lazuli":55,"minecraft:dirt":2665,"minecraft:glass":3,"minecraft:bone":46,"minecraft:stonecutter":1,"minecraft:bow":4,"minecraft:orange_tulip":1,"minecraft:wheat_seeds":92,"minecraft:raw_gold":40,"minecraft:bell":1,"minecraft:fletching_table":6,"minecraft:oak_planks":35,"minecraft:honeycomb":18,"minecraft:cooked_porkchop":3,"minecraft:oak_pressure_plate":1,"minecraft:sand":1740,"minecraft:ink_sac":22,"minecraft:lily_of_the_valley":14,"minecraft:mossy_cobblestone":23,"minecraft:diamond":40,"minecraft:granite":25,"minecraft:bone_meal":4,"minecraft:emerald":19,"minecraft:bread":1,"minecraft:oak_sapling":5,"minecraft:netherrack":732,"minecraft:oak_leaves":31,"minecraft:crimson_roots":2,"minecraft:diamond_pickaxe":1,"minecraft:crafting_table":7,"minecraft:bee_nest":15,"minecraft:azure_bluet":3,"minecraft:chicken":7,"minecraft:shield":4,"minecraft:cornflower":3,"minecraft:oak_trapdoor":5,"minecraft:iron_axe":2,"minecraft:iron_shovel":2,"minecraft:cartography_table":1,"minecraft:oak_boat":5,"minecraft:poppy":4,"minecraft:lectern":6,"minecraft:sugar_cane":162,"minecraft:raw_iron":132,"minecraft:stone":1,"minecraft:oak_door":1,"minecraft:copper_ingot":1,"minecraft:trident":1,"minecraft:carrot":33,"minecraft:redstone":80,"minecraft:arrow":62,"minecraft:peony":8,"minecraft:diamond_boots":1,"minecraft:saddle":1,"minecraft:mutton":12,"minecraft:white_wool":7,"minecraft:leather":24,"minecraft:crimson_fungus":1,"minecraft:oak_log":96,"minecraft:nether_wart_block":5,"minecraft:yellow_bed":1,"minecraft:gunpowder":1,"minecraft:cobblestone_stairs":2,"minecraft:cooked_mutton":9,"minecraft:apple":2,"minecraft:kelp":1,"minecraft:oak_fence_gate":1,"minecraft:iron_ingot":79,"minecraft:cooked_chicken":11,"minecraft:stripped_oak_wood":1,"minecraft:iron_sword":3,"minecraft:soul_sand":80,"minecraft:oak_slab":11,"minecraft:warped_fungus":2,"minecraft:nether_quartz_ore":3,"minecraft:dandelion":21,"minecraft:raw_iron_block":2,"minecraft:gravel":58,"minecraft:spruce_sapling":348,"minecraft:blast_furnace":1,"minecraft:spruce_log":2522,"minecraft:spider_eye":3,"minecraft:diamond_shovel":3,"minecraft:campfire":11,"minecraft:stone_axe":2,"minecraft:iron_helmet":2,"minecraft:diamond_axe":1,"minecraft:crimson_nylium":6,"minecraft:coal":134,"minecraft:sunflower":2},"minecraft:killed":{"minecraft:witch":1,"minecraft:spider":6,"minecraft:skeleton":31,"minecraft:chicken":7,"minecraft:piglin":3,"minecraft:pig":4,"minecraft:zombie_villager":1,"minecraft:creeper":2,"minecraft:sheep":7,"minecraft:zombie":16,"minecraft:drowned":4,"minecraft:squid":10},"minecraft:custom":{"minecraft:animals_bred":18,"minecraft:interact_with_crafting_table":79,"minecraft:leave_game":11,"minecraft:time_since_death":369371,"minecraft:sprint_one_cm":1660410,"minecraft:damage_blocked_by_shield":3028,"minecraft:drop":115,"minecraft:talked_to_villager":205,"minecraft:play_time":571492,"minecraft:deaths":3,"minecraft:jump":7892,"minecraft:walk_on_water_one_cm":122123,"minecraft:interact_with_furnace":210,"minecraft:traded_with_villager":533,"minecraft:sleep_in_bed":13,"minecraft:damage_dealt":12335,"minecraft:crouch_one_cm":72672,"minecraft:horse_one_cm":162761,"minecraft:mob_kills":93,"minecraft:interact_with_anvil":4,"minecraft:climb_one_cm":362,"minecraft:walk_one_cm":1569163,"minecraft:sneak_time":30053,"minecraft:walk_under_water_one_cm":70042,"minecraft:boat_one_cm":102534,"minecraft:total_world_time":571492,"minecraft:time_since_rest":101701,"minecraft:damage_taken":6058,"minecraft:swim_one_cm":295523,"minecraft:fly_one_cm":1588745,"minecraft:open_chest":377,"minecraft:fall_one_cm":211151},"minecraft:killed_by":{"minecraft:creeper":1,"minecraft:skeleton":1},"minecraft:used":{"minecraft:peony":5,"minecraft:iron_shovel":106,"minecraft:poppy":3,"minecraft:chest":10,"minecraft:shield":28,"minecraft:iron_sword":181,"minecraft:iron_chestplate":2,"minecraft:soul_sand":1,"minecraft:lily_of_the_valley":12,"minecraft:carrot":80,"minecraft:beehive":6,"minecraft:azure_bluet":2,"minecraft:obsidian":10,"minecraft:spruce_boat":1,"minecraft:glass":3,"minecraft:bow":90,"minecraft:oak_sapling":4,"minecraft:furnace":6,"minecraft:diorite":12,"minecraft:stone_pickaxe":330,"minecraft:oak_planks":2,"minecraft:wooden_pickaxe":5,"minecraft:diamond_axe":1561,"minecraft:oak_leaves":1,"minecraft:sand":12,"minecraft:blast_furnace":1,"minecraft:shears":42,"minecraft:bread":1,"minecraft:lectern":6,"minecraft:gravel":25,"minecraft:lilac":5,"minecraft:nether_wart_block":1,"minecraft:diamond_sword":34,"minecraft:andesite":1,"minecraft:oak_boat":8,"minecraft:bone_meal":89,"minecraft:oak_fence":4,"minecraft:oak_trapdoor":6,"minecraft:rose_bush":2,"minecraft:enchanting_table":1,"minecraft:stone_sword":10,"minecraft:white_tulip":2,"minecraft:flint_and_steel":1,"minecraft:spruce_planks":52,"minecraft:stone_hoe":80,"minecraft:cooked_chicken":14,"minecraft:torch":153,"minecraft:dirt":335,"minecraft:anvil":2,"minecraft:bee_nest":15,"minecraft:granite":1,"minecraft:oak_fence_gate":1,"minecraft:red_tulip":8,"minecraft:iron_axe":684,"minecraft:golden_carrot":35,"minecraft:cooked_beef":29,"minecraft:cobbled_deepslate":57,"minecraft:cooked_mutton":9,"minecraft:water_bucket":2,"minecraft:glass_bottle":62,"minecraft:fletching_table":9,"minecraft:spruce_fence_gate":1,"minecraft:mossy_cobblestone":1,"minecraft:crafting_table":12,"minecraft:campfire":26,"minecraft:spruce_log":10,"minecraft:cornflower":1,"minecraft:diamond_pickaxe":1231,"minecraft:apple":1,"minecraft:diamond_shovel":5222,"minecraft:iron_pickaxe":448,"minecraft:spruce_sapling":157,"minecraft:stone_axe":79,"minecraft:cobblestone":184,"minecraft:cooked_porkchop":9,"minecraft:bucket":2,"minecraft:dandelion":6},"minecraft:mined":{"minecraft:spruce_planks":37,"minecraft:farmland":28,"minecraft:cherry_log":27,"minecraft:cobblestone_stairs":2,"minecraft:obsidian":14,"minecraft:granite":25,"minecraft:grass_block":1099,"minecraft:composter":2,"minecraft:spawner":1,"minecraft:smooth_stone":2,"minecraft:tall_seagrass":1,"minecraft:magma_block":46,"minecraft:raw_iron_block":2,"minecraft:iron_ore":31,"minecraft:cobbled_deepslate":18,"minecraft:fletching_table":7,"minecraft:deepslate_lapis_ore":7,"minecraft:azure_bluet":1,"minecraft:red_tulip":8,"minecraft:dirt_path":31,"minecraft:oak_stairs":3,"minecraft:deepslate_redstone_ore":18,"minecraft:kelp_plant":28,"minecraft:crimson_nylium":25,"minecraft:blast_furnace":2,"minecraft:poppy":3,"minecraft:glass":8,"minecraft:nether_quartz_ore":3,"minecraft:cobblestone":196,"minecraft:sugar_cane":62,"minecraft:oak_planks":7,"minecraft:wall_torch":2,"minecraft:seagrass":4,"minecraft:nether_wart_block":5,"minecraft:wheat":14,"minecraft:lilac":17,"minecraft:warped_fungus":1,"minecraft:stripped_oak_wood":1,"minecraft:orange_tulip":1,"minecraft:oak_log":88,"minecraft:sand":2088,"minecraft:dirt":1503,"minecraft:stonecutter":1,"minecraft:netherrack":891,"minecraft:oak_leaves":105,"minecraft:deepslate":150,"minecraft:nether_gold_ore":4,"minecraft:tuff":21,"minecraft:mossy_cobblestone":22,"minecraft:deepslate_diamond_ore":37,"minecraft:crimson_roots":2,"minecraft:spruce_leaves":55,"minecraft:cartography_table":1,"minecraft:oak_trapdoor":5,"minecraft:spruce_sapling":20,"minecraft:furnace":4,"minecraft:carrots":10,"minecraft:andesite":11,"minecraft:peony":9,"minecraft:deepslate_iron_ore":102,"minecraft:stone":231,"minecraft:white_tulip":1,"minecraft:podzol":373,"minecraft:smithing_table":1,"minecraft:glass_pane":3,"minecraft:soul_sand":83,"minecraft:lily_of_the_valley":18,"minecraft:dandelion":16,"minecraft:oak_fence":16,"minecraft:crafting_table":5,"minecraft:cornflower":1,"minecraft:short_grass":159,"minecraft:rose_bush":7,"minecraft:lectern":6,"minecraft:campfire":11,"minecraft:tall_grass":10,"minecraft:copper_ore":7,"minecraft:lapis_ore":2,"minecraft:deepslate_gold_ore":41,"minecraft:diorite":27,"minecraft:spruce_log":2029,"minecraft:bee_nest":15,"minecraft:yellow_bed":1,"minecraft:coal_ore":29,"minecraft:cherry_leaves":2,"minecraft:sunflower":1,"minecraft:gravel":59,"minecraft:cobweb":8,"minecraft:gold_ore":1}},"DataVersion":3953}