{"stats":{"minecraft:picked_up":{"minecraft:iron_chestplate":3,"minecraft:crafting_table":6,"minecraft:azure_bluet":1,"minecraft:chicken":7,"minecraft:smithing_table":1,"minecraft:oak_stairs":2,"minecraft:shield":4,"minecraft:string":16,"minecraft:oak_trapdoor":5,"minecraft:raw_copper":31,"minecraft:iron_axe":2,"minecraft:iron_leggings":2,"minecraft:iron_shovel":2,"minecraft:diamond_leggings":1,"minecraft:cartography_table":1,"minecraft:smooth_stone":2,"minecraft:cobbled_deepslate":161,"minecraft:spruce_planks":117,"minecraft:oak_boat":3,"minecraft:iron_pickaxe":4,"minecraft:lectern":6,"minecraft:sugar_cane":122,"minecraft:iron_boots":1,"minecraft:furnace":6,"minecraft:stick":191,"minecraft:raw_iron":132,"minecraft:composter":3,"minecraft:oak_fence":13,"minecraft:torch":19,"minecraft:porkchop":9,"minecraft:cherry_log":27,"minecraft:diorite":29,"minecraft:trident":1,"minecraft:redstone":80,"minecraft:arrow":62,"minecraft:rotten_flesh":24,"minecraft:diamond_boots":1,"minecraft:saddle":1,"minecraft:mutton":12,"minecraft:white_wool":7,"minecraft:cobblestone":451,"minecraft:birch_log":2,"minecraft:feather":5,"minecraft:andesite":13,"minecraft:leather":24,"minecraft:potato":1,"minecraft:flint":7,"minecraft:tuff":21,"minecraft:oak_log":35,"minecraft:gunpowder":1,"minecraft:cobblestone_stairs":1,"minecraft:lapis_lazuli":55,"minecraft:dirt":279,"minecraft:cooked_mutton":9,"minecraft:bone":46,"minecraft:apple":2,"minecraft:bow":4,"minecraft:kelp":1,"minecraft:stonecutter":1,"minecraft:wheat_seeds":5,"minecraft:raw_gold":40,"minecraft:bell":1,"minecraft:iron_ingot":59,"minecraft:oak_fence_gate":1,"minecraft:cooked_chicken":11,"minecraft:stripped_oak_wood":1,"minecraft:fletching_table":6,"minecraft:iron_sword":3,"minecraft:oak_planks":23,"minecraft:cooked_porkchop":3,"minecraft:dandelion":1,"minecraft:raw_iron_block":2,"minecraft:gravel":58,"minecraft:sand":1411,"minecraft:spruce_sapling":288,"minecraft:blast_furnace":1,"minecraft:spruce_log":2265,"minecraft:spider_eye":3,"minecraft:mossy_cobblestone":15,"minecraft:diamond_shovel":2,"minecraft:diamond":40,"minecraft:stone_axe":2,"minecraft:iron_helmet":2,"minecraft:granite":24,"minecraft:diamond_axe":1,"minecraft:bone_meal":4,"minecraft:bread":1,"minecraft:emerald":19,"minecraft:oak_sapling":3,"minecraft:coal":133,"minecraft:sunflower":2},"minecraft:used":{"minecraft:oak_trapdoor":6,"minecraft:oak_fence":2,"minecraft:stone_sword":10,"minecraft:iron_shovel":106,"minecraft:chest":8,"minecraft:spruce_planks":48,"minecraft:shield":28,"minecraft:iron_sword":181,"minecraft:cooked_chicken":14,"minecraft:iron_chestplate":2,"minecraft:torch":153,"minecraft:dirt":136,"minecraft:anvil":1,"minecraft:oak_fence_gate":1,"minecraft:spruce_boat":1,"minecraft:iron_axe":545,"minecraft:bow":65,"minecraft:golden_carrot":25,"minecraft:oak_sapling":1,"minecraft:furnace":6,"minecraft:cooked_beef":6,"minecraft:cobbled_deepslate":55,"minecraft:cooked_mutton":9,"minecraft:diorite":12,"minecraft:stone_pickaxe":330,"minecraft:oak_planks":2,"minecraft:wooden_pickaxe":5,"minecraft:diamond_axe":1376,"minecraft:fletching_table":9,"minecraft:mossy_cobblestone":1,"minecraft:blast_furnace":1,"minecraft:crafting_table":9,"minecraft:spruce_log":10,"minecraft:diamond_pickaxe":102,"minecraft:apple":1,"minecraft:diamond_shovel":2087,"minecraft:bread":1,"minecraft:iron_pickaxe":448,"minecraft:lectern":6,"minecraft:spruce_sapling":123,"minecraft:gravel":25,"minecraft:stone_axe":79,"minecraft:cobblestone":178,"minecraft:cooked_porkchop":9,"minecraft:andesite":1,"minecraft:oak_boat":2,"minecraft:bone_meal":78},"minecraft:broken":{"minecraft:stone_pickaxe":2,"minecraft:iron_axe":2},"minecraft:mined":{"minecraft:tuff":21,"minecraft:spruce_planks":28,"minecraft:mossy_cobblestone":14,"minecraft:deepslate_diamond_ore":37,"minecraft:cobblestone_stairs":1,"minecraft:cherry_log":27,"minecraft:granite":24,"minecraft:grass_block":120,"minecraft:spruce_leaves":47,"minecraft:composter":2,"minecraft:cartography_table":1,"minecraft:spawner":1,"minecraft:smooth_stone":2,"minecraft:tall_seagrass":1,"minecraft:raw_iron_block":2,"minecraft:oak_trapdoor":5,"minecraft:spruce_sapling":6,"minecraft:furnace":4,"minecraft:iron_ore":31,"minecraft:cobbled_deepslate":15,"minecraft:andesite":11,"minecraft:deepslate_lapis_ore":7,"minecraft:fletching_table":7,"minecraft:dirt_path":29,"minecraft:deepslate_iron_ore":102,"minecraft:oak_stairs":2,"minecraft:stone":208,"minecraft:smithing_table":1,"minecraft:deepslate_redstone_ore":18,"minecraft:kelp_plant":28,"minecraft:dandelion":1,"minecraft:oak_fence":13,"minecraft:crafting_table":4,"minecraft:short_grass":27,"minecraft:blast_furnace":2,"minecraft:copper_ore":7,"minecraft:lectern":6,"minecraft:tall_grass":1,"minecraft:cobblestone":127,"minecraft:deepslate_gold_ore":41,"minecraft:lapis_ore":2,"minecraft:oak_planks":7,"minecraft:sugar_cane":49,"minecraft:diorite":27,"minecraft:wall_torch":2,"minecraft:seagrass":3,"minecraft:spruce_log":1777,"minecraft:stripped_oak_wood":1,"minecraft:coal_ore":28,"minecraft:oak_log":35,"minecraft:cherry_leaves":2,"minecraft:sunflower":1,"minecraft:gravel":59,"minecraft:sand":1879,"minecraft:dirt":135,"minecraft:cobweb":8,"minecraft:stonecutter":1,"minecraft:gold_ore":1,"minecraft:oak_leaves":11,"minecraft:deepslate":150},"minecraft:dropped":{"minecraft:iron_ingot":78,"minecraft:iron_sword":1,"minecraft:wheat_seeds":3,"minecraft:mossy_cobblestone":1,"minecraft:smithing_table":1,"minecraft:crafting_table":2,"minecraft:diamond_leggings":1,"minecraft:oak_fence":3,"minecraft:cobblestone":142,"minecraft:coal":56,"minecraft:flint":1,"minecraft:emerald":97,"minecraft:stick":19,"minecraft:dirt":36,"minecraft:torch":4,"minecraft:iron_leggings":2,"minecraft:stonecutter":1,"minecraft:iron_axe":2,"minecraft:iron_pickaxe":2,"minecraft:stripped_oak_wood":1,"minecraft:paper":9,"minecraft:spruce_sapling":120,"minecraft:dandelion":1,"minecraft:kelp":1,"minecraft:sugar_cane":3,"minecraft:raw_copper":39,"minecraft:rotten_flesh":5,"minecraft:oak_planks":3,"minecraft:iron_boots":1,"minecraft:diamond_shovel":1,"minecraft:shield":3,"minecraft:diamond_pickaxe":1,"minecraft:iron_chestplate":1,"minecraft:diamond_boots":2,"minecraft:spruce_log":215,"minecraft:bow":2,"minecraft:arrow":133},"minecraft:killed_by":{"minecraft:creeper":1,"minecraft:skeleton":1},"minecraft:custom":{"minecraft:interact_with_anvil":2,"minecraft:mob_kills":77,"minecraft:interact_with_crafting_table":53,"minecraft:leave_game":9,"minecraft:time_since_death":171384,"minecraft:sprint_one_cm":1055335,"minecraft:walk_one_cm":911197,"minecraft:damage_blocked_by_shield":3028,"minecraft:drop":80,"minecraft:talked_to_villager":170,"minecraft:play_time":373505,"minecraft:sneak_time":21325,"minecraft:deaths":3,"minecraft:walk_under_water_one_cm":29029,"minecraft:boat_one_cm":5149,"minecraft:jump":5468,"minecraft:walk_on_water_one_cm":59679,"minecraft:total_world_time":373505,"minecraft:interact_with_furnace":97,"minecraft:traded_with_villager":498,"minecraft:sleep_in_bed":11,"minecraft:time_since_rest":18965,"minecraft:damage_taken":4174,"minecraft:damage_dealt":10712,"minecraft:swim_one_cm":130425,"minecraft:fly_one_cm":1032332,"minecraft:open_chest":257,"minecraft:crouch_one_cm":47718,"minecraft:fall_one_cm":143801,"minecraft:horse_one_cm":162761},"minecraft:killed":{"minecraft:witch":1,"minecraft:spider":6,"minecraft:skeleton":31,"minecraft:chicken":7,"minecraft:drowned":2,"minecraft:pig":4,"minecraft:zombie_villager":1,"minecraft:creeper":2,"minecraft:sheep":7,"minecraft:zombie":16},"minecraft:crafted":{"minecraft:golden_carrot":36,"minecraft:cherry_planks":108,"minecraft:oak_planks":136,"minecraft:raw_iron":18,"minecraft:stone_shovel":1,"minecraft:cooked_chicken":6,"minecraft:furnace":2,"minecraft:bone_meal":78,"minecraft:bookshelf":1,"minecraft:cooked_mutton":8,"minecraft:oak_trapdoor":2,"minecraft:diamond_helmet":1,"minecraft:diamond_leggings":2,"minecraft:bow":5,"minecraft:iron_boots":2,"minecraft:iron_axe":3,"minecraft:stone_pickaxe":3,"minecraft:chest":8,"minecraft:diamond_boots":3,"minecraft:spruce_boat":1,"minecraft:spruce_sapling":2,"minecraft:chainmail_leggings":1,"minecraft:diamond_sword":1,"minecraft:emerald":421,"minecraft:arrow":368,"minecraft:cooked_porkchop":9,"minecraft:diamond_axe":1,"minecraft:crafting_table":5,"minecraft:spruce_planks":6816,"minecraft:wooden_pickaxe":1,"minecraft:iron_helmet":2,"minecraft:iron_sword":1,"minecraft:chainmail_chestplate":12,"minecraft:fletching_table":3,"minecraft:bucket":1,"minecraft:birch_planks":8,"minecraft:stone_axe":1,"minecraft:enchanted_book":3,"minecraft:air":0,"minecraft:book":3,"minecraft:iron_chestplate":1,"minecraft:paper":114,"minecraft:diamond_pickaxe":2,"minecraft:gold_nugget":288,"minecraft:shield":4,"minecraft:stick":13539,"minecraft:iron_ingot":176,"minecraft:chainmail_boots":11,"minecraft:iron_pickaxe":2,"minecraft:iron_block":3,"minecraft:stone_sword":1,"minecraft:iron_shovel":1,"minecraft:gold_ingot":44,"minecraft:iron_leggings":12,"minecraft:anvil":1,"minecraft:torch":164,"minecraft:diamond_chestplate":1}},"DataVersion":3953}