{"stats":{"minecraft:killed_by":{"minecraft:piglin_brute":1,"minecraft:creeper":1,"minecraft:skeleton":1},"minecraft:dropped":{"minecraft:crimson_nylium":2,"minecraft:iron_sword":1,"minecraft:soul_sand":64,"minecraft:birch_planks":6,"minecraft:cooked_beef":10,"minecraft:oak_pressure_plate":1,"minecraft:warped_fungus":1,"minecraft:oak_log":6,"minecraft:crafting_table":2,"minecraft:weeping_vines":1,"minecraft:flint":1,"minecraft:cobblestone_stairs":65,"minecraft:emerald":285,"minecraft:dirt":466,"minecraft:crimson_roots":4,"minecraft:sunflower":1,"minecraft:sand":6,"minecraft:iron_pickaxe":2,"minecraft:stripped_oak_wood":1,"minecraft:bone":6,"minecraft:oak_door":1,"minecraft:gravel":19,"minecraft:crimson_fungus":1,"minecraft:sugar_cane":196,"minecraft:rotten_flesh":26,"minecraft:oak_planks":15,"minecraft:diamond_shovel":4,"minecraft:carrot":33,"minecraft:gunpowder":4,"minecraft:arrow":133,"minecraft:glass":72,"minecraft:netherrack":457,"minecraft:iron_ingot":1234,"minecraft:oak_slab":10,"minecraft:wheat_seeds":201,"minecraft:mossy_cobblestone":9,"minecraft:smithing_table":1,"minecraft:diamond_leggings":1,"minecraft:oak_fence":4,"minecraft:cobblestone":288,"minecraft:grass_block":3,"minecraft:coal":56,"minecraft:stick":217,"minecraft:spruce_fence_gate":34,"minecraft:lava_bucket":1,"minecraft:wooden_hoe":1,"minecraft:torch":4,"minecraft:cherry_planks":1,"minecraft:iron_leggings":2,"minecraft:oak_stairs":49,"minecraft:stonecutter":1,"minecraft:iron_axe":3,"minecraft:paper":21,"minecraft:string":70,"minecraft:spruce_sapling":190,"minecraft:dandelion":1,"minecraft:redstone":64,"minecraft:kelp":1,"minecraft:raw_copper":39,"minecraft:iron_boots":1,"minecraft:stone_slab":3,"minecraft:flint_and_steel":2,"minecraft:cobblestone_slab":18,"minecraft:spruce_boat":3,"minecraft:stone":72,"minecraft:shield":4,"minecraft:spruce_planks":22,"minecraft:diamond_pickaxe":7,"minecraft:iron_chestplate":1,"minecraft:yellow_bed":1,"minecraft:oak_sapling":1,"minecraft:oak_boat":4,"minecraft:spider_eye":4,"minecraft:spruce_log":551,"minecraft:diamond_boots":2,"minecraft:birch_boat":2,"minecraft:sandstone":8,"minecraft:bow":2,"minecraft:magma_block":2},"minecraft:broken":{"minecraft:stone_pickaxe":2,"minecraft:diamond_axe":1,"minecraft:iron_axe":5},"minecraft:used":{"minecraft:peony":5,"minecraft:polished_blackstone":9,"minecraft:iron_shovel":106,"minecraft:oak_sign":63,"minecraft:ladder":18,"minecraft:poppy":3,"minecraft:shield":63,"minecraft:chest":46,"minecraft:white_terracotta":4,"minecraft:stone":159,"minecraft:iron_sword":181,"minecraft:spruce_leaves":15,"minecraft:iron_chestplate":2,"minecraft:soul_campfire":9,"minecraft:soul_sand":3,"minecraft:lily_of_the_valley":12,"minecraft:carrot":80,"minecraft:beehive":6,"minecraft:obsidian":47,"minecraft:azure_bluet":2,"minecraft:glass":35,"minecraft:spruce_boat":26,"minecraft:packed_ice":2,"minecraft:lava_bucket":3,"minecraft:grass_block":1,"minecraft:crimson_roots":1,"minecraft:bow":371,"minecraft:oak_sapling":4,"minecraft:furnace":6,"minecraft:gray_bed":5,"minecraft:diorite":12,"minecraft:dropper":5,"minecraft:stone_pickaxe":330,"minecraft:oak_planks":4,"minecraft:wooden_pickaxe":5,"minecraft:sandstone":7,"minecraft:sugar_cane":272,"minecraft:diamond_axe":2283,"minecraft:blue_bed":1,"minecraft:oak_leaves":1,"minecraft:sand":12,"minecraft:blast_furnace":1,"minecraft:crossbow":6,"minecraft:shears":208,"minecraft:bread":1,"minecraft:lectern":88,"minecraft:gravel":27,"minecraft:lilac":5,"minecraft:nether_wart_block":1,"minecraft:diamond_sword":411,"minecraft:andesite":1,"minecraft:oak_boat":23,"minecraft:bone_meal":89,"minecraft:oak_fence":5,"minecraft:oak_trapdoor":6,"minecraft:rose_bush":2,"minecraft:enchanting_table":1,"minecraft:stone_sword":10,"minecraft:white_tulip":2,"minecraft:flint_and_steel":6,"minecraft:redstone":2,"minecraft:spruce_planks":67,"minecraft:stone_hoe":80,"minecraft:cooked_chicken":14,"minecraft:netherrack":65,"minecraft:torch":188,"minecraft:anvil":2,"minecraft:dirt":1749,"minecraft:hopper":14,"minecraft:cobblestone_wall":1,"minecraft:stone_stairs":60,"minecraft:granite":5,"minecraft:bee_nest":15,"minecraft:spruce_fence":25,"minecraft:oak_fence_gate":1,"minecraft:red_tulip":8,"minecraft:iron_block":6,"minecraft:iron_axe":1550,"minecraft:golden_carrot":36,"minecraft:podzol":1,"minecraft:cooked_beef":83,"minecraft:cobbled_deepslate":57,"minecraft:observer":5,"minecraft:wheat_seeds":18,"minecraft:cooked_mutton":9,"minecraft:water_bucket":205,"minecraft:cobblestone_stairs":99,"minecraft:birch_planks":3,"minecraft:glass_bottle":67,"minecraft:spruce_chest_boat":1,"minecraft:birch_boat":4,"minecraft:spruce_sign":110,"minecraft:cobblestone_slab":15,"minecraft:fletching_table":9,"minecraft:spruce_fence_gate":66,"minecraft:polished_blackstone_bricks":25,"minecraft:mossy_cobblestone":1,"minecraft:crafting_table":19,"minecraft:white_bed":7,"minecraft:campfire":26,"minecraft:spruce_log":28,"minecraft:cornflower":1,"minecraft:diamond_pickaxe":5417,"minecraft:apple":1,"minecraft:diamond_shovel":9260,"minecraft:iron_pickaxe":448,"minecraft:stone_slab":357,"minecraft:spruce_trapdoor":1,"minecraft:spruce_sapling":198,"minecraft:crimson_nylium":3,"minecraft:stone_axe":147,"minecraft:cobblestone":1242,"minecraft:cobbled_deepslate_slab":97,"minecraft:white_banner":1,"minecraft:porkchop":2,"minecraft:cooked_porkchop":54,"minecraft:bucket":218,"minecraft:yellow_bed":2,"minecraft:stripped_oak_log":3,"minecraft:dandelion":6,"minecraft:diamond_leggings":1},"minecraft:custom":{"minecraft:animals_bred":56,"minecraft:interact_with_crafting_table":146,"minecraft:leave_game":29,"minecraft:time_since_death":164021,"minecraft:sprint_one_cm":3384584,"minecraft:damage_blocked_by_shield":5582,"minecraft:drop":261,"minecraft:talked_to_villager":509,"minecraft:play_time":1276715,"minecraft:deaths":4,"minecraft:jump":16463,"minecraft:interact_with_brewingstand":1,"minecraft:walk_on_water_one_cm":320480,"minecraft:interact_with_furnace":251,"minecraft:traded_with_villager":1216,"minecraft:sleep_in_bed":33,"minecraft:damage_dealt":28075,"minecraft:crouch_one_cm":275468,"minecraft:horse_one_cm":162761,"minecraft:interact_with_anvil":24,"minecraft:mob_kills":227,"minecraft:inspect_hopper":2,"minecraft:climb_one_cm":9542,"minecraft:walk_one_cm":3162426,"minecraft:sneak_time":98244,"minecraft:walk_under_water_one_cm":98870,"minecraft:boat_one_cm":696491,"minecraft:interact_with_blast_furnace":2,"minecraft:total_world_time":1276715,"minecraft:interact_with_grindstone":7,"minecraft:interact_with_stonecutter":1,"minecraft:time_since_rest":20834,"minecraft:damage_taken":11246,"minecraft:swim_one_cm":361934,"minecraft:fly_one_cm":3261760,"minecraft:open_chest":790,"minecraft:fall_one_cm":431273},"minecraft:mined":{"minecraft:spruce_planks":52,"minecraft:white_bed":8,"minecraft:farmland":35,"minecraft:cherry_log":27,"minecraft:cobblestone_stairs":5,"minecraft:obsidian":46,"minecraft:granite":36,"minecraft:chiseled_polished_blackstone":8,"minecraft:grass_block":2422,"minecraft:cracked_polished_blackstone_bricks":29,"minecraft:composter":2,"minecraft:nether_wart":5,"minecraft:spawner":1,"minecraft:gilded_blackstone":3,"minecraft:weeping_vines_plant":2,"minecraft:smooth_stone":2,"minecraft:polished_blackstone_bricks":41,"minecraft:tall_seagrass":5,"minecraft:raw_iron_block":2,"minecraft:magma_block":66,"minecraft:glowstone":22,"minecraft:iron_ore":34,"minecraft:fire":1,"minecraft:cobbled_deepslate":18,"minecraft:deepslate_lapis_ore":7,"minecraft:fletching_table":7,"minecraft:azure_bluet":1,"minecraft:red_tulip":8,"minecraft:dirt_path":31,"minecraft:oak_stairs":3,"minecraft:deepslate_redstone_ore":18,"minecraft:blackstone":56,"minecraft:kelp_plant":28,"minecraft:crimson_nylium":77,"minecraft:torch":1,"minecraft:blast_furnace":2,"minecraft:poppy":3,"minecraft:chest":17,"minecraft:spruce_wall_sign":1,"minecraft:glass":34,"minecraft:nether_quartz_ore":125,"minecraft:cobblestone":303,"minecraft:oak_planks":10,"minecraft:sugar_cane":594,"minecraft:wall_torch":4,"minecraft:spruce_sign":3,"minecraft:seagrass":5,"minecraft:white_terracotta":4,"minecraft:nether_wart_block":8,"minecraft:wheat":34,"minecraft:blue_ice":17,"minecraft:lilac":17,"minecraft:stripped_oak_wood":1,"minecraft:warped_fungus":1,"minecraft:orange_tulip":1,"minecraft:oak_log":99,"minecraft:sand":2108,"minecraft:dirt":3476,"minecraft:stonecutter":1,"minecraft:netherrack":3356,"minecraft:oak_leaves":112,"minecraft:deepslate":150,"minecraft:nether_gold_ore":14,"minecraft:tuff":21,"minecraft:mossy_cobblestone":22,"minecraft:deepslate_diamond_ore":37,"minecraft:cobbled_deepslate_slab":6,"minecraft:spruce_fence":1,"minecraft:crimson_roots":4,"minecraft:spruce_leaves":244,"minecraft:cartography_table":1,"minecraft:sandstone":8,"minecraft:oak_trapdoor":5,"minecraft:spruce_sapling":21,"minecraft:furnace":4,"minecraft:carrots":89,"minecraft:andesite":24,"minecraft:stripped_spruce_log":1,"minecraft:peony":9,"minecraft:bookshelf":1,"minecraft:cobblestone_slab":3,"minecraft:shroomlight":2,"minecraft:deepslate_iron_ore":102,"minecraft:stripped_oak_log":5,"minecraft:packed_ice":56,"minecraft:white_tulip":1,"minecraft:stone":1150,"minecraft:podzol":855,"minecraft:smithing_table":1,"minecraft:glass_pane":3,"minecraft:soul_sand":104,"minecraft:lily_of_the_valley":18,"minecraft:snow_block":36,"minecraft:basalt":2,"minecraft:observer":3,"minecraft:dandelion":17,"minecraft:oak_fence":17,"minecraft:crafting_table":7,"minecraft:cornflower":1,"minecraft:short_grass":444,"minecraft:dropper":3,"minecraft:rose_bush":7,"minecraft:campfire":11,"minecraft:lectern":84,"minecraft:stone_slab":40,"minecraft:copper_ore":7,"minecraft:tall_grass":29,"minecraft:lapis_ore":2,"minecraft:deepslate_gold_ore":41,"minecraft:lily_pad":106,"minecraft:diorite":27,"minecraft:blue_bed":2,"minecraft:birch_planks":3,"minecraft:ice":74,"minecraft:white_carpet":1,"minecraft:gray_bed":3,"minecraft:spruce_log":3476,"minecraft:bee_nest":15,"minecraft:yellow_bed":4,"minecraft:coal_ore":29,"minecraft:cherry_leaves":2,"minecraft:sunflower":62,"minecraft:gravel":175,"minecraft:cobweb":8,"minecraft:polished_blackstone":2,"minecraft:spruce_fence_gate":2,"minecraft:gold_ore":1},"minecraft:picked_up":{"minecraft:iron_chestplate":3,"minecraft:wheat":65,"minecraft:smithing_table":1,"minecraft:stone_slab":517,"minecraft:diamond_sword":1,"minecraft:oak_stairs":51,"minecraft:enchanted_book":1,"minecraft:gilded_blackstone":1,"minecraft:string":89,"minecraft:raw_copper":31,"minecraft:iron_leggings":2,"minecraft:shroomlight":4,"minecraft:diamond_leggings":2,"minecraft:smooth_stone":2,"minecraft:gold_nugget":5,"minecraft:cobbled_deepslate":163,"minecraft:spruce_planks":220,"minecraft:white_tulip":2,"minecraft:rose_bush":6,"minecraft:cobblestone_slab":21,"minecraft:iron_pickaxe":4,"minecraft:iron_boots":1,"minecraft:furnace":6,"minecraft:stick":291,"minecraft:composter":3,"minecraft:oak_fence":17,"minecraft:torch":25,"minecraft:porkchop":17,"minecraft:cherry_log":27,"minecraft:diorite":29,"minecraft:nether_gold_ore":11,"minecraft:rotten_flesh":79,"minecraft:iron_block":112,"minecraft:red_tulip":9,"minecraft:bookshelf":1,"minecraft:white_terracotta":4,"minecraft:obsidian":51,"minecraft:snowball":124,"minecraft:cobblestone":2661,"minecraft:birch_log":2,"minecraft:magma_block":39,"minecraft:cooked_beef":10,"minecraft:feather":5,"minecraft:lilac":14,"minecraft:water_bucket":4,"minecraft:andesite":26,"minecraft:potato":1,"minecraft:flint":34,"minecraft:tuff":21,"minecraft:lapis_lazuli":55,"minecraft:dirt":4863,"minecraft:name_tag":4,"minecraft:glass":80,"minecraft:bone":58,"minecraft:bow":5,"minecraft:stonecutter":1,"minecraft:wheat_seeds":251,"minecraft:orange_tulip":1,"minecraft:raw_gold":40,"minecraft:cobbled_deepslate_slab":5,"minecraft:bell":1,"minecraft:fletching_table":6,"minecraft:diamond_helmet":1,"minecraft:oak_planks":38,"minecraft:honeycomb":18,"minecraft:chiseled_polished_blackstone":6,"minecraft:cooked_porkchop":54,"minecraft:dropper":3,"minecraft:oak_pressure_plate":1,"minecraft:sand":1753,"minecraft:stripped_spruce_log":1,"minecraft:ink_sac":22,"minecraft:grass_block":4,"minecraft:lily_of_the_valley":14,"minecraft:mossy_cobblestone":23,"minecraft:spruce_fence_gate":81,"minecraft:diamond":40,"minecraft:spruce_boat":27,"minecraft:blue_ice":16,"minecraft:cracked_polished_blackstone_bricks":14,"minecraft:crossbow":2,"minecraft:granite":36,"minecraft:bone_meal":31,"minecraft:golden_apple":1,"minecraft:spruce_sign":23,"minecraft:emerald":209,"minecraft:bread":1,"minecraft:oak_sapling":5,"minecraft:netherrack":2393,"minecraft:ominous_bottle":1,"minecraft:oak_leaves":31,"minecraft:crimson_roots":8,"minecraft:diamond_pickaxe":7,"minecraft:spruce_leaves":166,"minecraft:packed_ice":55,"minecraft:crafting_table":13,"minecraft:bee_nest":15,"minecraft:ladder":42,"minecraft:azure_bluet":3,"minecraft:chicken":7,"minecraft:nether_wart":32,"minecraft:chain":13,"minecraft:shield":6,"minecraft:cornflower":4,"minecraft:oak_trapdoor":5,"minecraft:iron_axe":4,"minecraft:flint_and_steel":2,"minecraft:white_carpet":7,"minecraft:iron_shovel":2,"minecraft:blackstone":107,"minecraft:cartography_table":1,"minecraft:oak_boat":23,"minecraft:observer":3,"minecraft:poppy":4,"minecraft:lectern":84,"minecraft:sugar_cane":1536,"minecraft:chest":17,"minecraft:raw_iron":132,"minecraft:sandstone":16,"minecraft:stone":999,"minecraft:oak_door":1,"minecraft:copper_ingot":1,"minecraft:spruce_fence":1,"minecraft:polished_blackstone_bricks":32,"minecraft:trident":1,"minecraft:carrot":66,"minecraft:redstone":151,"minecraft:arrow":125,"minecraft:weeping_vines":1,"minecraft:diamond_chestplate":1,"minecraft:peony":8,"minecraft:diamond_boots":2,"minecraft:saddle":1,"minecraft:polished_blackstone":2,"minecraft:mutton":12,"minecraft:white_wool":7,"minecraft:soul_campfire":9,"minecraft:stripped_oak_log":8,"minecraft:leather":25,"minecraft:birch_planks":8,"minecraft:ice":61,"minecraft:crimson_fungus":1,"minecraft:oak_log":104,"minecraft:lily_pad":122,"minecraft:yellow_bed":3,"minecraft:nether_wart_block":8,"minecraft:gunpowder":5,"minecraft:cobblestone_stairs":333,"minecraft:blue_bed":6,"minecraft:paper":11,"minecraft:white_banner":1,"minecraft:cooked_mutton":9,"minecraft:podzol":4,"minecraft:apple":2,"minecraft:kelp":1,"minecraft:iron_ingot":486,"minecraft:oak_fence_gate":1,"minecraft:cooked_chicken":11,"minecraft:stripped_oak_wood":1,"minecraft:gray_bed":8,"minecraft:iron_sword":3,"minecraft:soul_sand":219,"minecraft:book":46,"minecraft:oak_slab":11,"minecraft:warped_fungus":2,"minecraft:nether_quartz_ore":3,"minecraft:birch_boat":5,"minecraft:quartz":394,"minecraft:dandelion":22,"minecraft:raw_iron_block":2,"minecraft:gravel":146,"minecraft:lava_bucket":4,"minecraft:spruce_sapling":448,"minecraft:blast_furnace":1,"minecraft:white_bed":12,"minecraft:spruce_log":4000,"minecraft:spider_eye":10,"minecraft:diamond_shovel":6,"minecraft:campfire":11,"minecraft:stone_axe":2,"minecraft:iron_helmet":2,"minecraft:diamond_axe":2,"minecraft:crimson_nylium":31,"minecraft:coal":134,"minecraft:hopper":18,"minecraft:sunflower":43},"minecraft:crafted":{"minecraft:oak_planks":764,"minecraft:cobblestone_slab":30,"minecraft:oak_sign":63,"minecraft:oak_pressure_plate":2,"minecraft:birch_boat":1,"minecraft:cooked_chicken":6,"minecraft:lever":7,"minecraft:diamond_shovel":1,"minecraft:bookshelf":5,"minecraft:cooked_mutton":8,"minecraft:glass":162,"minecraft:hopper":16,"minecraft:diamond_helmet":2,"minecraft:repeater":4,"minecraft:bow":5,"minecraft:diamond_leggings":3,"minecraft:iron_boots":2,"minecraft:polished_blackstone":52,"minecraft:chest":56,"minecraft:stone_hoe":1,"minecraft:name_tag":1,"minecraft:dropper":18,"minecraft:glass_bottle":78,"minecraft:oak_slab":18,"minecraft:emerald":1101,"minecraft:arrow":368,"minecraft:cooked_porkchop":95,"minecraft:diamond_axe":2,"minecraft:crafting_table":12,"minecraft:spruce_planks":12836,"minecraft:wooden_pickaxe":1,"minecraft:iron_helmet":2,"minecraft:chainmail_chestplate":12,"minecraft:fletching_table":3,"minecraft:spruce_chest_boat":1,"minecraft:birch_planks":16,"minecraft:campfire":15,"minecraft:tnt":2,"minecraft:spruce_trapdoor":6,"minecraft:lectern":4,"minecraft:iron_chestplate":1,"minecraft:book":65,"minecraft:paper":1218,"minecraft:diamond_pickaxe":6,"minecraft:charcoal":19,"minecraft:shield":4,"minecraft:stick":24566,"minecraft:iron_ingot":2593,"minecraft:compass":7,"minecraft:iron_pickaxe":2,"minecraft:iron_block":442,"minecraft:stone_sword":1,"minecraft:gold_ingot":44,"minecraft:sandstone":1,"minecraft:redstone_torch":16,"minecraft:spruce_fence_gate":101,"minecraft:shears":2,"minecraft:golden_carrot":36,"minecraft:cherry_planks":108,"minecraft:cobbled_deepslate_slab":186,"minecraft:raw_iron":18,"minecraft:stone_shovel":1,"minecraft:beehive":6,"minecraft:furnace":2,"minecraft:piston":8,"minecraft:bone_meal":105,"minecraft:spruce_fence":24,"minecraft:oak_trapdoor":2,"minecraft:flint_and_steel":2,"minecraft:iron_axe":8,"minecraft:ladder":21,"minecraft:spruce_slab":6,"minecraft:stone_pickaxe":3,"minecraft:cobblestone_wall":60,"minecraft:diamond_boots":4,"minecraft:spruce_boat":3,"minecraft:spruce_sapling":2,"minecraft:chainmail_leggings":1,"minecraft:observer":15,"minecraft:cooked_beef":187,"minecraft:diamond_sword":1,"minecraft:spruce_sign":123,"minecraft:enchanting_table":1,"minecraft:iron_sword":1,"minecraft:bucket":13,"minecraft:stone_axe":2,"minecraft:enchanted_book":20,"minecraft:air":0,"minecraft:oak_boat":8,"minecraft:white_wool":3,"minecraft:gold_nugget":288,"minecraft:chainmail_boots":11,"minecraft:iron_shovel":1,"minecraft:iron_leggings":12,"minecraft:anvil":2,"minecraft:white_bed":1,"minecraft:torch":164,"minecraft:diamond_chestplate":2},"minecraft:killed":{"minecraft:zombified_piglin":40,"minecraft:witch":2,"minecraft:spider":19,"minecraft:skeleton":42,"minecraft:chicken":7,"minecraft:piglin_brute":3,"minecraft:piglin":24,"minecraft:pig":5,"minecraft:zombie_villager":2,"minecraft:iron_golem":1,"minecraft:creeper":8,"minecraft:sheep":7,"minecraft:pillager":4,"minecraft:zombie":37,"minecraft:drowned":6,"minecraft:hoglin":7,"minecraft:squid":10,"minecraft:enderman":1}},"DataVersion":3953}