{"stats":{"minecraft:broken":{"minecraft:stone_pickaxe":2,"minecraft:diamond_pickaxe":1,"minecraft:stone_axe":1,"minecraft:wooden_pickaxe":1,"minecraft:shield":1,"minecraft:iron_axe":6,"minecraft:iron_pickaxe":1},"minecraft:dropped":{"minecraft:diamond_axe":1,"minecraft:diamond":3,"minecraft:crafting_table":2,"minecraft:leather":30,"minecraft:emerald":24,"minecraft:dirt":164,"minecraft:wooden_sword":1,"minecraft:sand":42,"minecraft:gold_ingot":1,"minecraft:bone":1,"minecraft:stone_axe":1,"minecraft:sugar_cane":6,"minecraft:cooked_chicken":8,"minecraft:cobbled_deepslate":183,"minecraft:wheat":1,"minecraft:birch_sapling":3,"minecraft:rotten_flesh":26,"minecraft:diamond_shovel":2,"minecraft:cooked_mutton":9,"minecraft:gunpowder":8,"minecraft:arrow":34,"minecraft:beef":4,"minecraft:stone_hoe":4,"minecraft:iron_ingot":20,"minecraft:wheat_seeds":17,"minecraft:mossy_cobblestone":1,"minecraft:cobblestone":62,"minecraft:granite":1,"minecraft:coal":173,"minecraft:diorite":1,"minecraft:wooden_hoe":1,"minecraft:iron_leggings":1,"minecraft:oak_stairs":1,"minecraft:iron_axe":2,"minecraft:iron_shovel":1,"minecraft:paper":15,"minecraft:string":2,"minecraft:bucket":1,"minecraft:spruce_sapling":42,"minecraft:furnace":2,"minecraft:stone_sword":1,"minecraft:tuff":14,"minecraft:stone_shovel":19,"minecraft:pumpkin_seeds":51,"minecraft:diamond_sword":2,"minecraft:potato":17,"minecraft:spruce_trapdoor":1,"minecraft:diamond_pickaxe":2,"minecraft:iron_chestplate":1,"minecraft:andesite":1,"minecraft:oak_sapling":1,"minecraft:spruce_log":154,"minecraft:bow":1,"minecraft:stone_pickaxe":1,"minecraft:wooden_pickaxe":2},"minecraft:crafted":{"minecraft:grindstone":1,"minecraft:oak_planks":136,"minecraft:oak_sign":3,"minecraft:cooked_chicken":10,"minecraft:stone":1,"minecraft:diamond_shovel":2,"minecraft:bookshelf":2,"minecraft:cooked_mutton":31,"minecraft:glass":354,"minecraft:hopper":2,"minecraft:diamond_helmet":1,"minecraft:bow":2,"minecraft:diamond_leggings":1,"minecraft:iron_boots":1,"minecraft:chest":23,"minecraft:stone_hoe":2,"minecraft:emerald":246,"minecraft:cooked_porkchop":14,"minecraft:diamond_axe":2,"minecraft:crafting_table":12,"minecraft:spruce_planks":3236,"minecraft:iron_helmet":1,"minecraft:wooden_pickaxe":1,"minecraft:baked_potato":30,"minecraft:smithing_table":1,"minecraft:birch_planks":48,"minecraft:dispenser":2,"minecraft:spruce_trapdoor":4,"minecraft:lectern":2,"minecraft:iron_chestplate":1,"minecraft:book":28,"minecraft:paper":234,"minecraft:diamond_pickaxe":3,"minecraft:shield":2,"minecraft:stick":6037,"minecraft:stone_slab":2,"minecraft:iron_ingot":145,"minecraft:iron_pickaxe":1,"minecraft:gold_ingot":17,"minecraft:redstone_torch":3,"minecraft:cherry_planks":8,"minecraft:raw_iron":9,"minecraft:stone_shovel":16,"minecraft:furnace":7,"minecraft:bone_meal":3,"minecraft:spruce_fence":3,"minecraft:oak_trapdoor":6,"minecraft:flint_and_steel":1,"minecraft:iron_axe":15,"minecraft:spruce_slab":12,"minecraft:stone_pickaxe":1,"minecraft:diamond_boots":1,"minecraft:spruce_boat":3,"minecraft:minecart":1,"minecraft:cooked_beef":31,"minecraft:diamond_sword":2,"minecraft:spruce_sign":12,"minecraft:powered_rail":6,"minecraft:cooked_salmon":3,"minecraft:bucket":2,"minecraft:stone_axe":1,"minecraft:enchanted_book":1,"minecraft:air":0,"minecraft:oak_boat":1,"minecraft:iron_leggings":1,"minecraft:white_bed":1,"minecraft:torch":252,"minecraft:diamond_chestplate":1},"minecraft:picked_up":{"minecraft:iron_chestplate":4,"minecraft:wheat":29,"minecraft:smithing_table":7,"minecraft:lead":2,"minecraft:diamond_sword":1,"minecraft:oak_stairs":51,"minecraft:string":4,"minecraft:raw_copper":8,"minecraft:iron_leggings":4,"minecraft:activator_rail":11,"minecraft:cobbled_deepslate":484,"minecraft:smooth_stone":3,"minecraft:bucket":1,"minecraft:spruce_planks":249,"minecraft:redstone_torch":5,"minecraft:iron_pickaxe":4,"minecraft:furnace":10,"minecraft:iron_boots":2,"minecraft:stick":86,"minecraft:composter":2,"minecraft:torch":36,"minecraft:porkchop":32,"minecraft:cherry_log":2,"minecraft:diorite":62,"minecraft:stone_sword":1,"minecraft:rotten_flesh":68,"minecraft:cobblestone":619,"minecraft:birch_log":19,"minecraft:magma_block":3,"minecraft:feather":11,"minecraft:cooked_beef":8,"minecraft:cherry_planks":1,"minecraft:andesite":93,"minecraft:brown_wool":2,"minecraft:potato":26,"minecraft:flint":2,"minecraft:tuff":15,"minecraft:lapis_lazuli":210,"minecraft:dirt":2003,"minecraft:glass":668,"minecraft:bone":31,"minecraft:stonecutter":3,"minecraft:bow":4,"minecraft:wheat_seeds":154,"minecraft:raw_gold":28,"minecraft:grindstone":6,"minecraft:fletching_table":3,"minecraft:powered_rail":7,"minecraft:stone_hoe":2,"minecraft:oak_planks":47,"minecraft:sand":1183,"minecraft:mossy_cobblestone":6,"minecraft:spruce_boat":19,"minecraft:diamond":23,"minecraft:granite":224,"minecraft:spruce_sign":9,"minecraft:emerald":117,"minecraft:oak_sapling":1,"minecraft:bricks":1,"minecraft:diamond_pickaxe":2,"minecraft:crafting_table":13,"minecraft:azure_bluet":2,"minecraft:chicken":11,"minecraft:leather_leggings":1,"minecraft:wooden_pickaxe":4,"minecraft:shield":3,"minecraft:oak_trapdoor":13,"minecraft:iron_axe":3,"minecraft:wooden_sword":2,"minecraft:flint_and_steel":1,"minecraft:detector_rail":2,"minecraft:beef":41,"minecraft:oak_boat":3,"minecraft:poppy":1,"minecraft:minecart":2,"minecraft:lectern":23,"minecraft:sugar_cane":360,"minecraft:chest":6,"minecraft:birch_sapling":4,"minecraft:egg":2,"minecraft:raw_iron":227,"minecraft:stone":91,"minecraft:oak_door":3,"minecraft:copper_ingot":1,"minecraft:carrot":48,"minecraft:redstone":495,"minecraft:arrow":90,"minecraft:stone_shovel":4,"minecraft:gold_ingot":32,"minecraft:mutton":14,"minecraft:rail":24,"minecraft:white_wool":8,"minecraft:oxeye_daisy":1,"minecraft:salmon":3,"minecraft:leather":53,"minecraft:birch_planks":24,"minecraft:oak_log":72,"minecraft:yellow_bed":2,"minecraft:golden_boots":1,"minecraft:gunpowder":6,"minecraft:cobblestone_stairs":2,"minecraft:wooden_hoe":2,"minecraft:paper":15,"minecraft:cooked_mutton":14,"minecraft:kelp":70,"minecraft:iron_ingot":60,"minecraft:stone_pickaxe":3,"minecraft:cooked_chicken":11,"minecraft:pumpkin":3,"minecraft:dandelion":6,"minecraft:raw_iron_block":1,"minecraft:gravel":15,"minecraft:blast_furnace":2,"minecraft:spruce_sapling":173,"minecraft:white_bed":16,"minecraft:spruce_log":1271,"minecraft:spider_eye":4,"minecraft:diamond_shovel":1,"minecraft:pumpkin_seeds":48,"minecraft:polished_diorite":17,"minecraft:stone_axe":3,"minecraft:iron_helmet":2,"minecraft:black_wool":1,"minecraft:coal":413},"minecraft:killed":{"minecraft:witch":2,"minecraft:spider":9,"minecraft:skeleton":18,"minecraft:chicken":11,"minecraft:pig":16,"minecraft:zombie_villager":1,"minecraft:salmon":4,"minecraft:creeper":1,"minecraft:sheep":10,"minecraft:pillager":1,"minecraft:zombie":47,"minecraft:cow":20,"minecraft:drowned":6,"minecraft:villager":1},"minecraft:custom":{"minecraft:animals_bred":15,"minecraft:interact_with_crafting_table":91,"minecraft:bell_ring":28,"minecraft:leave_game":22,"minecraft:time_since_death":670670,"minecraft:sprint_one_cm":1817071,"minecraft:damage_blocked_by_shield":3617,"minecraft:drop":231,"minecraft:talked_to_villager":313,"minecraft:play_time":853381,"minecraft:deaths":3,"minecraft:jump":12495,"minecraft:walk_on_water_one_cm":236777,"minecraft:interact_with_furnace":237,"minecraft:traded_with_villager":292,"minecraft:sleep_in_bed":24,"minecraft:damage_dealt":21904,"minecraft:crouch_one_cm":101547,"minecraft:inspect_dispenser":2,"minecraft:interact_with_smithing_table":2,"minecraft:mob_kills":156,"minecraft:interact_with_anvil":1,"minecraft:walk_one_cm":2089218,"minecraft:sneak_time":39484,"minecraft:walk_under_water_one_cm":247329,"minecraft:boat_one_cm":107909,"minecraft:interact_with_blast_furnace":1,"minecraft:total_world_time":853381,"minecraft:interact_with_stonecutter":3,"minecraft:time_since_rest":316,"minecraft:damage_taken":8496,"minecraft:swim_one_cm":287847,"minecraft:fly_one_cm":2697980,"minecraft:open_chest":605,"minecraft:fall_one_cm":298585},"minecraft:killed_by":{"minecraft:creeper":1,"minecraft:zombie":1},"minecraft:used":{"minecraft:iron_shovel":134,"minecraft:spruce_slab":4,"minecraft:dispenser":2,"minecraft:oak_sign":4,"minecraft:chest":27,"minecraft:shield":60,"minecraft:stone":8,"minecraft:iron_chestplate":1,"minecraft:carrot":20,"minecraft:spruce_boat":20,"minecraft:glass":1140,"minecraft:iron_helmet":2,"minecraft:magma_block":1,"minecraft:bow":66,"minecraft:furnace":15,"minecraft:potato":82,"minecraft:diorite":4,"minecraft:stone_pickaxe":194,"minecraft:powered_rail":7,"minecraft:oak_planks":2,"minecraft:wooden_pickaxe":59,"minecraft:composter":2,"minecraft:sugar_cane":151,"minecraft:diamond_axe":539,"minecraft:sand":6,"minecraft:blast_furnace":2,"minecraft:redstone_torch":8,"minecraft:bread":6,"minecraft:lectern":25,"minecraft:gravel":8,"minecraft:diamond_sword":189,"minecraft:grindstone":7,"minecraft:smithing_table":7,"minecraft:oak_boat":3,"minecraft:bone_meal":20,"minecraft:oak_trapdoor":19,"minecraft:stone_sword":3,"minecraft:flint_and_steel":4,"minecraft:spruce_planks":351,"minecraft:cooked_salmon":3,"minecraft:stone_hoe":81,"minecraft:cooked_chicken":13,"minecraft:oak_door":1,"minecraft:torch":283,"minecraft:dirt":1075,"minecraft:hopper":2,"minecraft:spruce_fence":1,"minecraft:granite":160,"minecraft:oak_fence_gate":1,"minecraft:polished_diorite":51,"minecraft:iron_axe":1372,"minecraft:spruce_button":1,"minecraft:iron_boots":1,"minecraft:minecart":3,"minecraft:cooked_beef":64,"minecraft:cobbled_deepslate":77,"minecraft:iron_leggings":2,"minecraft:wheat_seeds":64,"minecraft:cooked_mutton":26,"minecraft:water_bucket":23,"minecraft:baked_potato":30,"minecraft:cherry_planks":1,"minecraft:spruce_sign":21,"minecraft:fletching_table":3,"minecraft:stonecutter":2,"minecraft:mossy_cobblestone":2,"minecraft:rail":25,"minecraft:crafting_table":21,"minecraft:white_bed":14,"minecraft:spruce_log":24,"minecraft:wooden_hoe":2,"minecraft:activator_rail":11,"minecraft:diamond_pickaxe":2322,"minecraft:diamond_shovel":2660,"minecraft:iron_pickaxe":258,"minecraft:detector_rail":2,"minecraft:spruce_trapdoor":3,"minecraft:spruce_sapling":81,"minecraft:stone_axe":77,"minecraft:cobblestone":163,"minecraft:porkchop":10,"minecraft:cooked_porkchop":14,"minecraft:bucket":26,"minecraft:yellow_bed":1,"minecraft:kelp":14},"minecraft:mined":{"minecraft:spruce_planks":241,"minecraft:white_bed":12,"minecraft:cherry_log":2,"minecraft:cobblestone_stairs":2,"minecraft:granite":199,"minecraft:grass_block":437,"minecraft:polished_diorite":19,"minecraft:oak_wall_sign":1,"minecraft:spawner":3,"minecraft:smooth_stone":3,"minecraft:magma_block":3,"minecraft:raw_iron_block":1,"minecraft:iron_ore":89,"minecraft:cobbled_deepslate":67,"minecraft:fire":3,"minecraft:pumpkin":3,"minecraft:fletching_table":3,"minecraft:deepslate_lapis_ore":28,"minecraft:azure_bluet":2,"minecraft:dirt_path":330,"minecraft:oak_stairs":52,"minecraft:deepslate_redstone_ore":79,"minecraft:kelp_plant":3,"minecraft:torch":3,"minecraft:blast_furnace":1,"minecraft:poppy":1,"minecraft:chest":6,"minecraft:spruce_wall_sign":9,"minecraft:glass":52,"minecraft:cobblestone":138,"minecraft:grindstone":6,"minecraft:sugar_cane":248,"minecraft:oak_planks":39,"minecraft:bricks":1,"minecraft:wall_torch":4,"minecraft:powered_rail":7,"minecraft:birch_log":12,"minecraft:wheat":64,"minecraft:activator_rail":11,"minecraft:oak_log":57,"minecraft:sand":978,"minecraft:dirt":806,"minecraft:stonecutter":2,"minecraft:oak_leaves":17,"minecraft:deepslate":959,"minecraft:tuff":141,"minecraft:mossy_cobblestone":6,"minecraft:deepslate_diamond_ore":17,"minecraft:oak_door":3,"minecraft:spruce_leaves":340,"minecraft:kelp":15,"minecraft:redstone_ore":6,"minecraft:oak_trapdoor":12,"minecraft:spruce_sapling":1,"minecraft:furnace":10,"minecraft:carrots":18,"minecraft:andesite":65,"minecraft:detector_rail":2,"minecraft:potatoes":10,"minecraft:deepslate_iron_ore":83,"minecraft:rail":22,"minecraft:stone":471,"minecraft:redstone_wall_torch":4,"minecraft:podzol":383,"minecraft:smithing_table":6,"minecraft:glass_pane":6,"minecraft:cherry_planks":1,"minecraft:dandelion":5,"minecraft:crafting_table":11,"minecraft:short_grass":78,"minecraft:lectern":23,"minecraft:tall_grass":15,"minecraft:copper_ore":2,"minecraft:lapis_ore":4,"minecraft:deepslate_gold_ore":19,"minecraft:diorite":48,"minecraft:spruce_log":966,"minecraft:birch_leaves":4,"minecraft:yellow_bed":1,"minecraft:coal_ore":260,"minecraft:gravel":16,"minecraft:gold_ore":4}},"DataVersion":3953}