{"stats":{"minecraft:broken":{"minecraft:wooden_pickaxe":1,"minecraft:stone_pickaxe":2,"minecraft:iron_axe":1,"minecraft:stone_axe":1,"minecraft:iron_pickaxe":1},"minecraft:mined":{"minecraft:tuff":2,"minecraft:white_bed":8,"minecraft:mossy_cobblestone":1,"minecraft:deepslate_diamond_ore":9,"minecraft:oak_door":1,"minecraft:cherry_log":2,"minecraft:granite":11,"minecraft:grass_block":5,"minecraft:kelp":1,"minecraft:spawner":1,"minecraft:raw_iron_block":1,"minecraft:furnace":2,"minecraft:iron_ore":22,"minecraft:cobbled_deepslate":9,"minecraft:fire":2,"minecraft:andesite":15,"minecraft:pumpkin":3,"minecraft:deepslate_lapis_ore":11,"minecraft:deepslate_iron_ore":50,"minecraft:oak_stairs":2,"minecraft:stone":128,"minecraft:smithing_table":5,"minecraft:deepslate_redstone_ore":40,"minecraft:cherry_planks":1,"minecraft:kelp_plant":3,"minecraft:crafting_table":3,"minecraft:short_grass":36,"minecraft:chest":4,"minecraft:cobblestone":39,"minecraft:deepslate_gold_ore":19,"minecraft:grindstone":3,"minecraft:sugar_cane":10,"minecraft:oak_planks":2,"minecraft:diorite":7,"minecraft:birch_log":12,"minecraft:birch_leaves":4,"minecraft:oak_log":21,"minecraft:coal_ore":74,"minecraft:gravel":1,"minecraft:dirt":8,"minecraft:stonecutter":1,"minecraft:oak_leaves":9,"minecraft:deepslate":50},"minecraft:killed_by":{"minecraft:creeper":1,"minecraft:zombie":1},"minecraft:used":{"minecraft:stone_sword":3,"minecraft:flint_and_steel":4,"minecraft:chest":5,"minecraft:shield":38,"minecraft:cooked_chicken":1,"minecraft:oak_door":1,"minecraft:iron_chestplate":1,"minecraft:torch":112,"minecraft:carrot":1,"minecraft:iron_axe":170,"minecraft:iron_helmet":2,"minecraft:iron_boots":1,"minecraft:bow":49,"minecraft:furnace":6,"minecraft:cooked_beef":11,"minecraft:cobbled_deepslate":65,"minecraft:iron_leggings":2,"minecraft:cooked_mutton":25,"minecraft:diorite":4,"minecraft:stone_pickaxe":194,"minecraft:wooden_pickaxe":59,"minecraft:cherry_planks":1,"minecraft:stonecutter":1,"minecraft:crafting_table":7,"minecraft:white_bed":9,"minecraft:bread":3,"minecraft:iron_pickaxe":248,"minecraft:stone_axe":77,"minecraft:cobblestone":85,"minecraft:grindstone":4,"minecraft:cooked_porkchop":14,"minecraft:smithing_table":6},"minecraft:custom":{"minecraft:interact_with_smithing_table":2,"minecraft:mob_kills":79,"minecraft:interact_with_crafting_table":32,"minecraft:bell_ring":15,"minecraft:leave_game":11,"minecraft:time_since_death":35360,"minecraft:sprint_one_cm":601464,"minecraft:walk_one_cm":530669,"minecraft:damage_blocked_by_shield":2489,"minecraft:drop":158,"minecraft:talked_to_villager":60,"minecraft:play_time":218071,"minecraft:sneak_time":3918,"minecraft:deaths":3,"minecraft:walk_under_water_one_cm":15949,"minecraft:jump":3736,"minecraft:walk_on_water_one_cm":28867,"minecraft:total_world_time":218071,"minecraft:interact_with_furnace":108,"minecraft:traded_with_villager":91,"minecraft:interact_with_stonecutter":2,"minecraft:sleep_in_bed":6,"minecraft:time_since_rest":4743,"minecraft:damage_taken":4309,"minecraft:damage_dealt":10583,"minecraft:swim_one_cm":29719,"minecraft:fly_one_cm":705904,"minecraft:open_chest":79,"minecraft:crouch_one_cm":8703,"minecraft:fall_one_cm":97843},"minecraft:crafted":{"minecraft:cherry_planks":8,"minecraft:grindstone":1,"minecraft:oak_planks":84,"minecraft:raw_iron":9,"minecraft:stone_shovel":16,"minecraft:cooked_chicken":9,"minecraft:furnace":4,"minecraft:stone":1,"minecraft:diamond_shovel":2,"minecraft:cooked_mutton":30,"minecraft:flint_and_steel":1,"minecraft:iron_boots":1,"minecraft:iron_axe":15,"minecraft:stone_pickaxe":1,"minecraft:chest":1,"minecraft:stone_hoe":2,"minecraft:cooked_beef":11,"minecraft:emerald":56,"minecraft:cooked_porkchop":14,"minecraft:crafting_table":4,"minecraft:spruce_planks":516,"minecraft:iron_helmet":1,"minecraft:wooden_pickaxe":1,"minecraft:smithing_table":1,"minecraft:birch_planks":48,"minecraft:stone_axe":1,"minecraft:air":0,"minecraft:iron_chestplate":1,"minecraft:diamond_pickaxe":1,"minecraft:shield":1,"minecraft:stick":1213,"minecraft:stone_slab":2,"minecraft:iron_ingot":63,"minecraft:iron_pickaxe":1,"minecraft:iron_leggings":1,"minecraft:white_bed":1,"minecraft:torch":88},"minecraft:dropped":{"minecraft:stone_hoe":3,"minecraft:wheat_seeds":13,"minecraft:mossy_cobblestone":1,"minecraft:diamond":3,"minecraft:coal":173,"minecraft:diorite":1,"minecraft:wooden_hoe":1,"minecraft:iron_leggings":1,"minecraft:oak_stairs":1,"minecraft:wooden_sword":1,"minecraft:iron_axe":2,"minecraft:spruce_sapling":40,"minecraft:stone_axe":1,"minecraft:sugar_cane":6,"minecraft:cooked_chicken":8,"minecraft:stone_sword":1,"minecraft:cobbled_deepslate":6,"minecraft:tuff":1,"minecraft:birch_sapling":3,"minecraft:stone_shovel":19,"minecraft:rotten_flesh":24,"minecraft:diamond_shovel":2,"minecraft:cooked_mutton":9,"minecraft:pumpkin_seeds":51,"minecraft:iron_chestplate":1,"minecraft:spruce_log":17,"minecraft:arrow":33,"minecraft:wooden_pickaxe":2,"minecraft:stone_pickaxe":1},"minecraft:picked_up":{"minecraft:crafting_table":5,"minecraft:iron_chestplate":4,"minecraft:chicken":9,"minecraft:smithing_table":6,"minecraft:wooden_pickaxe":4,"minecraft:oak_stairs":1,"minecraft:shield":3,"minecraft:string":3,"minecraft:raw_copper":8,"minecraft:iron_axe":3,"minecraft:wooden_sword":2,"minecraft:flint_and_steel":1,"minecraft:iron_leggings":4,"minecraft:cobbled_deepslate":210,"minecraft:spruce_planks":6,"minecraft:beef":14,"minecraft:iron_pickaxe":4,"minecraft:sugar_cane":20,"minecraft:chest":4,"minecraft:birch_sapling":4,"minecraft:furnace":2,"minecraft:egg":2,"minecraft:iron_boots":2,"minecraft:stick":28,"minecraft:raw_iron":128,"minecraft:oak_door":1,"minecraft:torch":23,"minecraft:porkchop":22,"minecraft:cherry_log":2,"minecraft:diorite":22,"minecraft:carrot":1,"minecraft:redstone":242,"minecraft:stone_sword":1,"minecraft:arrow":76,"minecraft:stone_shovel":4,"minecraft:rotten_flesh":40,"minecraft:mutton":13,"minecraft:white_wool":7,"minecraft:cobblestone":357,"minecraft:birch_log":19,"minecraft:feather":10,"minecraft:cherry_planks":1,"minecraft:andesite":42,"minecraft:brown_wool":2,"minecraft:leather":3,"minecraft:birch_planks":24,"minecraft:flint":1,"minecraft:tuff":2,"minecraft:oak_log":37,"minecraft:gunpowder":6,"minecraft:lapis_lazuli":69,"minecraft:wooden_hoe":2,"minecraft:dirt":33,"minecraft:cooked_mutton":14,"minecraft:bone":19,"minecraft:bow":2,"minecraft:kelp":56,"minecraft:stonecutter":2,"minecraft:wheat_seeds":13,"minecraft:raw_gold":24,"minecraft:iron_ingot":60,"minecraft:grindstone":3,"minecraft:stone_pickaxe":3,"minecraft:stone_hoe":1,"minecraft:oak_planks":10,"minecraft:pumpkin":3,"minecraft:raw_iron_block":1,"minecraft:gravel":3,"minecraft:spruce_sapling":80,"minecraft:white_bed":9,"minecraft:spruce_log":210,"minecraft:spider_eye":4,"minecraft:mossy_cobblestone":1,"minecraft:pumpkin_seeds":48,"minecraft:diamond":15,"minecraft:stone_axe":3,"minecraft:iron_helmet":2,"minecraft:granite":36,"minecraft:emerald":60,"minecraft:black_wool":1,"minecraft:coal":227,"minecraft:diamond_pickaxe":1},"minecraft:killed":{"minecraft:witch":1,"minecraft:spider":8,"minecraft:skeleton":10,"minecraft:chicken":9,"minecraft:pig":10,"minecraft:zombie_villager":1,"minecraft:creeper":1,"minecraft:sheep":9,"minecraft:zombie":17,"minecraft:cow":5}},"DataVersion":3953}