{"stats":{"minecraft:killed_by":{"minecraft:creeper":1,"minecraft:drowned":1,"minecraft:zombie":2,"minecraft:iron_golem":1},"minecraft:dropped":{"minecraft:diamond_axe":1,"minecraft:diamond":3,"minecraft:crafting_table":4,"minecraft:leather":32,"minecraft:cobblestone_stairs":132,"minecraft:emerald":24,"minecraft:dirt":166,"minecraft:wooden_sword":1,"minecraft:sunflower":10,"minecraft:sand":42,"minecraft:gold_ingot":1,"minecraft:bone":24,"minecraft:oak_door":1,"minecraft:gravel":3,"minecraft:stone_axe":12,"minecraft:sugar_cane":6,"minecraft:cooked_chicken":8,"minecraft:cobbled_deepslate":183,"minecraft:wheat":1,"minecraft:birch_sapling":3,"minecraft:rotten_flesh":27,"minecraft:diamond_shovel":2,"minecraft:cooked_mutton":9,"minecraft:gunpowder":8,"minecraft:glass":51,"minecraft:arrow":34,"minecraft:beef":13,"minecraft:stone_hoe":4,"minecraft:enchanted_book":2,"minecraft:iron_ingot":20,"minecraft:wheat_seeds":30,"minecraft:mossy_cobblestone":1,"minecraft:cobblestone":62,"minecraft:granite":1,"minecraft:coal":173,"minecraft:diorite":1,"minecraft:wooden_hoe":1,"minecraft:iron_leggings":1,"minecraft:oak_stairs":2,"minecraft:iron_axe":2,"minecraft:iron_shovel":1,"minecraft:paper":15,"minecraft:string":10,"minecraft:bucket":1,"minecraft:spruce_sapling":129,"minecraft:furnace":2,"minecraft:stone_sword":1,"minecraft:raw_copper":2,"minecraft:tuff":14,"minecraft:stone_shovel":19,"minecraft:stripped_oak_log":3,"minecraft:stone_slab":61,"minecraft:pumpkin_seeds":51,"minecraft:diamond_sword":2,"minecraft:potato":638,"minecraft:spruce_boat":1,"minecraft:stone":1,"minecraft:spruce_trapdoor":1,"minecraft:diamond_pickaxe":5,"minecraft:iron_chestplate":1,"minecraft:andesite":1,"minecraft:oak_boat":1,"minecraft:oak_sapling":1,"minecraft:spider_eye":1,"minecraft:spruce_log":154,"minecraft:bow":1,"minecraft:stone_pickaxe":1,"minecraft:wooden_pickaxe":2},"minecraft:broken":{"minecraft:diamond_helmet":1,"minecraft:stone_pickaxe":2,"minecraft:diamond_shovel":1,"minecraft:diamond_pickaxe":2,"minecraft:stone_axe":1,"minecraft:diamond_leggings":1,"minecraft:wooden_pickaxe":1,"minecraft:shield":1,"minecraft:iron_axe":6,"minecraft:iron_pickaxe":1},"minecraft:used":{"minecraft:iron_shovel":134,"minecraft:dispenser":2,"minecraft:spruce_slab":4,"minecraft:oak_sign":10,"minecraft:chest":33,"minecraft:shield":88,"minecraft:stone":459,"minecraft:iron_chestplate":1,"minecraft:soul_sand":4,"minecraft:carrot":20,"minecraft:spruce_boat":43,"minecraft:glass":1383,"minecraft:lava_bucket":1,"minecraft:iron_helmet":2,"minecraft:magma_block":1,"minecraft:bow":97,"minecraft:furnace":15,"minecraft:gray_bed":10,"minecraft:potato":167,"minecraft:diorite":4,"minecraft:oak_planks":52,"minecraft:stone_pickaxe":194,"minecraft:powered_rail":16,"minecraft:wooden_pickaxe":59,"minecraft:sugar_cane":151,"minecraft:composter":4,"minecraft:diamond_axe":1088,"minecraft:blue_bed":25,"minecraft:sand":6,"minecraft:loom":2,"minecraft:blast_furnace":2,"minecraft:redstone_torch":17,"minecraft:bread":6,"minecraft:lectern":27,"minecraft:gravel":8,"minecraft:diamond_sword":538,"minecraft:grindstone":7,"minecraft:smithing_table":8,"minecraft:oak_boat":52,"minecraft:bone_meal":84,"minecraft:oak_fence":1,"minecraft:oak_trapdoor":24,"minecraft:stone_sword":3,"minecraft:flint_and_steel":4,"minecraft:spruce_planks":351,"minecraft:cooked_salmon":3,"minecraft:stone_hoe":168,"minecraft:cooked_chicken":13,"minecraft:netherrack":131,"minecraft:oak_door":1,"minecraft:torch":469,"minecraft:dirt":3975,"minecraft:hopper":5,"minecraft:yellow_carpet":2,"minecraft:granite":160,"minecraft:spruce_fence":26,"minecraft:oak_fence_gate":1,"minecraft:polished_diorite":53,"minecraft:iron_axe":1372,"minecraft:spruce_button":2,"minecraft:iron_boots":1,"minecraft:diamond_chestplate":1,"minecraft:glowstone":2,"minecraft:minecart":4,"minecraft:cooked_beef":154,"minecraft:cobbled_deepslate":77,"minecraft:iron_leggings":2,"minecraft:wheat_seeds":64,"minecraft:cooked_mutton":26,"minecraft:water_bucket":120,"minecraft:cobblestone_stairs":96,"minecraft:baked_potato":30,"minecraft:spruce_sign":21,"minecraft:cobblestone_slab":40,"minecraft:cherry_planks":1,"minecraft:fletching_table":3,"minecraft:spruce_fence_gate":38,"minecraft:stonecutter":4,"minecraft:mossy_cobblestone":2,"minecraft:rail":35,"minecraft:crafting_table":25,"minecraft:oak_slab":2,"minecraft:white_bed":39,"minecraft:spruce_log":24,"minecraft:wooden_hoe":2,"minecraft:activator_rail":11,"minecraft:diamond_pickaxe":5100,"minecraft:diamond_shovel":6211,"minecraft:sunflower":1,"minecraft:iron_pickaxe":258,"minecraft:detector_rail":2,"minecraft:stone_slab":264,"minecraft:spruce_trapdoor":6,"minecraft:spruce_sapling":107,"minecraft:stone_axe":77,"minecraft:cobblestone":1400,"minecraft:porkchop":10,"minecraft:cooked_porkchop":78,"minecraft:bucket":128,"minecraft:yellow_bed":13,"minecraft:kelp":14,"minecraft:diamond_leggings":1},"minecraft:custom":{"minecraft:animals_bred":24,"minecraft:interact_with_crafting_table":126,"minecraft:bell_ring":28,"minecraft:leave_game":43,"minecraft:time_since_death":118339,"minecraft:sprint_one_cm":4054723,"minecraft:damage_blocked_by_shield":6832,"minecraft:drop":414,"minecraft:talked_to_villager":448,"minecraft:play_time":1905651,"minecraft:deaths":6,"minecraft:jump":27775,"minecraft:walk_on_water_one_cm":476881,"minecraft:interact_with_furnace":298,"minecraft:traded_with_villager":613,"minecraft:interact_with_loom":1,"minecraft:sleep_in_bed":60,"minecraft:damage_dealt":38093,"minecraft:crouch_one_cm":321804,"minecraft:inspect_dispenser":2,"minecraft:interact_with_smithing_table":2,"minecraft:inspect_dropper":1,"minecraft:interact_with_anvil":8,"minecraft:mob_kills":278,"minecraft:climb_one_cm":10368,"minecraft:walk_one_cm":4327754,"minecraft:sneak_time":121900,"minecraft:walk_under_water_one_cm":306331,"minecraft:boat_one_cm":973985,"minecraft:interact_with_blast_furnace":1,"minecraft:total_world_time":1905651,"minecraft:interact_with_stonecutter":12,"minecraft:interact_with_grindstone":1,"minecraft:time_since_rest":71101,"minecraft:damage_taken":17114,"minecraft:swim_one_cm":463478,"minecraft:fly_one_cm":6112638,"minecraft:open_chest":1211,"minecraft:fall_one_cm":560780},"minecraft:mined":{"minecraft:spruce_planks":242,"minecraft:white_bed":34,"minecraft:farmland":1,"minecraft:cherry_log":2,"minecraft:cobblestone_stairs":13,"minecraft:spruce_trapdoor":3,"minecraft:granite":221,"minecraft:grass_block":1170,"minecraft:yellow_carpet":1,"minecraft:polished_diorite":21,"minecraft:hopper":3,"minecraft:oak_wall_sign":5,"minecraft:spawner":3,"minecraft:smooth_stone":11,"minecraft:tall_seagrass":2,"minecraft:raw_iron_block":1,"minecraft:magma_block":3,"minecraft:iron_ore":108,"minecraft:cobbled_deepslate":71,"minecraft:fire":3,"minecraft:pumpkin":3,"minecraft:deepslate_lapis_ore":28,"minecraft:fletching_table":3,"minecraft:azure_bluet":2,"minecraft:enchanting_table":1,"minecraft:dirt_path":432,"minecraft:oak_stairs":132,"minecraft:deepslate_redstone_ore":79,"minecraft:kelp_plant":3,"minecraft:crimson_nylium":5,"minecraft:torch":7,"minecraft:blast_furnace":1,"minecraft:poppy":2,"minecraft:chest":13,"minecraft:dead_bush":1,"minecraft:spruce_wall_sign":9,"minecraft:glass":133,"minecraft:nether_quartz_ore":29,"minecraft:cobblestone":644,"minecraft:oak_planks":45,"minecraft:grindstone":6,"minecraft:sugar_cane":248,"minecraft:bricks":2,"minecraft:wall_torch":9,"minecraft:powered_rail":16,"minecraft:nether_wart_block":10,"minecraft:birch_log":17,"minecraft:wheat":64,"minecraft:activator_rail":11,"minecraft:oak_log":97,"minecraft:loom":1,"minecraft:sand":982,"minecraft:dirt":3541,"minecraft:stonecutter":4,"minecraft:netherrack":77,"minecraft:oak_leaves":48,"minecraft:deepslate":1012,"minecraft:tuff":141,"minecraft:mossy_cobblestone":20,"minecraft:deepslate_diamond_ore":17,"minecraft:oak_door":5,"minecraft:cobbled_deepslate_slab":1,"minecraft:crimson_roots":2,"minecraft:spruce_leaves":375,"minecraft:kelp":15,"minecraft:sandstone":3,"minecraft:large_fern":1,"minecraft:redstone_ore":6,"minecraft:oak_trapdoor":12,"minecraft:spruce_sapling":2,"minecraft:furnace":10,"minecraft:carrots":18,"minecraft:andesite":128,"minecraft:detector_rail":2,"minecraft:bookshelf":14,"minecraft:potatoes":13,"minecraft:cobblestone_slab":9,"minecraft:deepslate_iron_ore":83,"minecraft:vine":8,"minecraft:rail":33,"minecraft:stripped_oak_log":3,"minecraft:stone":2084,"minecraft:redstone_wall_torch":8,"minecraft:podzol":463,"minecraft:smithing_table":6,"minecraft:oak_slab":4,"minecraft:glass_pane":8,"minecraft:cherry_planks":1,"minecraft:dandelion":7,"minecraft:oak_fence":1,"minecraft:crafting_table":17,"minecraft:short_grass":93,"minecraft:lectern":25,"minecraft:stone_slab":134,"minecraft:copper_ore":7,"minecraft:tall_grass":16,"minecraft:lapis_ore":4,"minecraft:deepslate_gold_ore":19,"minecraft:lily_pad":10,"minecraft:diorite":69,"minecraft:blue_bed":10,"minecraft:cobblestone_wall":1,"minecraft:redstone_torch":3,"minecraft:birch_leaves":5,"minecraft:spruce_log":1281,"minecraft:yellow_bed":9,"minecraft:coal_ore":326,"minecraft:sunflower":6,"minecraft:gravel":85,"minecraft:spruce_fence_gate":1,"minecraft:gold_ore":4},"minecraft:picked_up":{"minecraft:iron_chestplate":4,"minecraft:wheat":29,"minecraft:smithing_table":7,"minecraft:stone_slab":186,"minecraft:lead":41,"minecraft:diamond_sword":3,"minecraft:oak_stairs":111,"minecraft:string":26,"minecraft:raw_copper":20,"minecraft:iron_leggings":4,"minecraft:oak_sign":4,"minecraft:activator_rail":33,"minecraft:diamond_leggings":2,"minecraft:cobbled_deepslate":541,"minecraft:smooth_stone":11,"minecraft:bucket":2,"minecraft:spruce_planks":286,"minecraft:redstone_torch":30,"minecraft:cobblestone_slab":182,"minecraft:iron_pickaxe":4,"minecraft:furnace":10,"minecraft:iron_boots":2,"minecraft:stick":106,"minecraft:composter":2,"minecraft:oak_fence":1,"minecraft:torch":60,"minecraft:porkchop":132,"minecraft:cherry_log":2,"minecraft:diorite":83,"minecraft:stone_sword":1,"minecraft:nether_gold_ore":1,"minecraft:rotten_flesh":115,"minecraft:glowstone":7,"minecraft:cobblestone":2681,"minecraft:enchanting_table":1,"minecraft:birch_log":24,"minecraft:magma_block":3,"minecraft:feather":11,"minecraft:cooked_beef":52,"minecraft:cherry_planks":1,"minecraft:water_bucket":2,"minecraft:andesite":156,"minecraft:brown_wool":2,"minecraft:potato":284,"minecraft:flint":7,"minecraft:tuff":15,"minecraft:lapis_lazuli":210,"minecraft:dirt":5949,"minecraft:glass":803,"minecraft:bone":44,"minecraft:bow":6,"minecraft:stonecutter":5,"minecraft:wheat_seeds":180,"minecraft:raw_gold":28,"minecraft:cobbled_deepslate_slab":1,"minecraft:grindstone":6,"minecraft:fletching_table":3,"minecraft:powered_rail":16,"minecraft:stone_hoe":2,"minecraft:oak_planks":176,"minecraft:dropper":6,"minecraft:sand":1187,"minecraft:ink_sac":3,"minecraft:loom":1,"minecraft:lily_of_the_valley":3,"minecraft:mossy_cobblestone":18,"minecraft:spruce_fence_gate":35,"minecraft:yellow_carpet":2,"minecraft:diamond":23,"minecraft:spruce_boat":50,"minecraft:granite":246,"minecraft:bone_meal":69,"minecraft:spruce_sign":9,"minecraft:emerald":249,"minecraft:oak_sapling":7,"minecraft:netherrack":238,"minecraft:bricks":1,"minecraft:crimson_roots":1,"minecraft:diamond_pickaxe":7,"minecraft:crafting_table":23,"minecraft:azure_bluet":2,"minecraft:chicken":11,"minecraft:leather_leggings":1,"minecraft:wooden_pickaxe":4,"minecraft:shield":5,"minecraft:oak_trapdoor":13,"minecraft:iron_axe":3,"minecraft:wooden_sword":2,"minecraft:flint_and_steel":1,"minecraft:detector_rail":2,"minecraft:beef":58,"minecraft:oak_boat":56,"minecraft:poppy":3,"minecraft:minecart":3,"minecraft:lectern":25,"minecraft:sugar_cane":362,"minecraft:chest":13,"minecraft:birch_sapling":4,"minecraft:spruce_trapdoor":5,"minecraft:egg":2,"minecraft:raw_iron":245,"minecraft:sandstone":3,"minecraft:stone":182,"minecraft:oak_door":5,"minecraft:copper_ingot":1,"minecraft:carrot":48,"minecraft:redstone":729,"minecraft:arrow":96,"minecraft:stone_shovel":4,"minecraft:diamond_chestplate":2,"minecraft:diamond_boots":2,"minecraft:gold_ingot":32,"minecraft:mutton":14,"minecraft:rail":35,"minecraft:white_wool":8,"minecraft:oxeye_daisy":1,"minecraft:stripped_oak_log":3,"minecraft:salmon":4,"minecraft:leather":57,"minecraft:birch_planks":24,"minecraft:oak_log":110,"minecraft:lily_pad":12,"minecraft:yellow_bed":14,"minecraft:golden_boots":1,"minecraft:nether_wart_block":28,"minecraft:gunpowder":13,"minecraft:cobblestone_stairs":205,"minecraft:wooden_hoe":2,"minecraft:blue_bed":19,"minecraft:paper":15,"minecraft:cooked_mutton":14,"minecraft:apple":1,"minecraft:kelp":182,"minecraft:iron_ingot":64,"minecraft:stone_pickaxe":3,"minecraft:cooked_chicken":11,"minecraft:gray_bed":5,"minecraft:soul_sand":51,"minecraft:book":34,"minecraft:oak_slab":1,"minecraft:nether_quartz_ore":3,"minecraft:pumpkin":3,"minecraft:quartz":29,"minecraft:dandelion":8,"minecraft:raw_iron_block":1,"minecraft:gravel":79,"minecraft:spruce_sapling":288,"minecraft:blast_furnace":2,"minecraft:white_bed":38,"minecraft:spruce_log":1659,"minecraft:spider_eye":7,"minecraft:diamond_shovel":3,"minecraft:pumpkin_seeds":48,"minecraft:polished_diorite":19,"minecraft:stone_axe":3,"minecraft:iron_helmet":2,"minecraft:diamond_axe":2,"minecraft:black_wool":1,"minecraft:coal":479,"minecraft:hopper":3,"minecraft:sunflower":21},"minecraft:crafted":{"minecraft:grindstone":2,"minecraft:oak_planks":160,"minecraft:cobblestone_slab":6,"minecraft:oak_sign":6,"minecraft:cooked_chicken":10,"minecraft:loom":1,"minecraft:stone":4,"minecraft:diamond_shovel":4,"minecraft:bookshelf":2,"minecraft:gray_wool":12,"minecraft:cooked_mutton":31,"minecraft:glass":738,"minecraft:hopper":2,"minecraft:diamond_helmet":2,"minecraft:bow":2,"minecraft:diamond_leggings":2,"minecraft:iron_boots":1,"minecraft:chest":23,"minecraft:stone_hoe":3,"minecraft:gray_bed":14,"minecraft:dropper":3,"minecraft:oak_slab":6,"minecraft:emerald":496,"minecraft:cooked_porkchop":54,"minecraft:soul_campfire":9,"minecraft:diamond_axe":3,"minecraft:crafting_table":13,"minecraft:spruce_planks":4312,"minecraft:baked_potato":30,"minecraft:wooden_pickaxe":1,"minecraft:iron_helmet":1,"minecraft:smithing_table":2,"minecraft:birch_planks":48,"minecraft:dispenser":2,"minecraft:spruce_trapdoor":6,"minecraft:lectern":2,"minecraft:iron_chestplate":1,"minecraft:book":28,"minecraft:paper":234,"minecraft:diamond_pickaxe":5,"minecraft:shield":2,"minecraft:stone_slab":8,"minecraft:stick":8209,"minecraft:iron_ingot":1873,"minecraft:iron_pickaxe":1,"minecraft:iron_block":545,"minecraft:gold_ingot":17,"minecraft:redstone_torch":11,"minecraft:composter":2,"minecraft:spruce_fence_gate":3,"minecraft:shears":10,"minecraft:cherry_planks":8,"minecraft:raw_iron":9,"minecraft:stone_shovel":16,"minecraft:furnace":7,"minecraft:bone_meal":3,"minecraft:spruce_fence":39,"minecraft:oak_trapdoor":12,"minecraft:flint_and_steel":1,"minecraft:iron_axe":15,"minecraft:spruce_slab":30,"minecraft:stone_pickaxe":1,"minecraft:diamond_boots":2,"minecraft:spruce_boat":3,"minecraft:minecart":2,"minecraft:cooked_beef":31,"minecraft:diamond_sword":3,"minecraft:spruce_sign":12,"minecraft:powered_rail":6,"minecraft:blue_bed":12,"minecraft:cooked_salmon":3,"minecraft:bucket":7,"minecraft:stone_axe":12,"minecraft:enchanted_book":6,"minecraft:air":0,"minecraft:oak_boat":1,"minecraft:iron_leggings":1,"minecraft:white_bed":1,"minecraft:torch":400,"minecraft:diamond_chestplate":2},"minecraft:killed":{"minecraft:witch":2,"minecraft:spider":18,"minecraft:skeleton":25,"minecraft:chicken":11,"minecraft:piglin":4,"minecraft:pig":68,"minecraft:zombie_villager":1,"minecraft:salmon":4,"minecraft:creeper":3,"minecraft:sheep":10,"minecraft:trader_llama":1,"minecraft:pillager":1,"minecraft:zombie":71,"minecraft:cow":27,"minecraft:drowned":11,"minecraft:wandering_trader":1,"minecraft:hoglin":1,"minecraft:villager":8}},"DataVersion":3953}