{"stats":{"minecraft:broken":{"minecraft:wooden_pickaxe":1,"minecraft:stone_pickaxe":2,"minecraft:iron_axe":5,"minecraft:stone_axe":1,"minecraft:iron_pickaxe":1},"minecraft:mined":{"minecraft:tuff":2,"minecraft:spruce_planks":171,"minecraft:white_bed":8,"minecraft:mossy_cobblestone":4,"minecraft:deepslate_diamond_ore":9,"minecraft:oak_door":2,"minecraft:cobblestone_stairs":2,"minecraft:cherry_log":2,"minecraft:granite":11,"minecraft:grass_block":11,"minecraft:spruce_leaves":299,"minecraft:kelp":1,"minecraft:spawner":1,"minecraft:smooth_stone":3,"minecraft:raw_iron_block":1,"minecraft:oak_trapdoor":12,"minecraft:spruce_sapling":1,"minecraft:furnace":2,"minecraft:iron_ore":22,"minecraft:cobbled_deepslate":36,"minecraft:fire":2,"minecraft:andesite":15,"minecraft:pumpkin":3,"minecraft:fletching_table":3,"minecraft:deepslate_lapis_ore":11,"minecraft:dirt_path":71,"minecraft:deepslate_iron_ore":50,"minecraft:oak_stairs":52,"minecraft:stone":128,"minecraft:smithing_table":6,"minecraft:deepslate_redstone_ore":40,"minecraft:glass_pane":6,"minecraft:cherry_planks":1,"minecraft:kelp_plant":3,"minecraft:crafting_table":3,"minecraft:torch":1,"minecraft:short_grass":56,"minecraft:blast_furnace":1,"minecraft:chest":4,"minecraft:tall_grass":9,"minecraft:cobblestone":120,"minecraft:bricks":1,"minecraft:deepslate_gold_ore":19,"minecraft:grindstone":3,"minecraft:sugar_cane":10,"minecraft:oak_planks":38,"minecraft:diorite":7,"minecraft:wall_torch":2,"minecraft:birch_log":12,"minecraft:spruce_log":583,"minecraft:birch_leaves":4,"minecraft:yellow_bed":1,"minecraft:oak_log":53,"minecraft:coal_ore":74,"minecraft:gravel":1,"minecraft:dirt":18,"minecraft:stonecutter":1,"minecraft:oak_leaves":13,"minecraft:deepslate":50},"minecraft:killed_by":{"minecraft:creeper":1,"minecraft:zombie":1},"minecraft:used":{"minecraft:oak_trapdoor":15,"minecraft:iron_shovel":79,"minecraft:stone_sword":3,"minecraft:flint_and_steel":4,"minecraft:spruce_slab":3,"minecraft:spruce_planks":204,"minecraft:chest":5,"minecraft:shield":38,"minecraft:cooked_chicken":12,"minecraft:oak_door":1,"minecraft:iron_chestplate":1,"minecraft:torch":116,"minecraft:dirt":73,"minecraft:carrot":1,"minecraft:spruce_boat":8,"minecraft:iron_axe":1123,"minecraft:iron_helmet":2,"minecraft:iron_boots":1,"minecraft:bow":49,"minecraft:furnace":6,"minecraft:cooked_beef":19,"minecraft:cobbled_deepslate":71,"minecraft:iron_leggings":2,"minecraft:cooked_mutton":25,"minecraft:water_bucket":2,"minecraft:diorite":4,"minecraft:oak_planks":1,"minecraft:stone_pickaxe":194,"minecraft:diamond_axe":245,"minecraft:wooden_pickaxe":59,"minecraft:cherry_planks":1,"minecraft:fletching_table":3,"minecraft:stonecutter":1,"minecraft:blast_furnace":2,"minecraft:crafting_table":7,"minecraft:white_bed":9,"minecraft:spruce_log":18,"minecraft:diamond_pickaxe":112,"minecraft:bread":6,"minecraft:iron_pickaxe":258,"minecraft:spruce_sapling":78,"minecraft:stone_axe":77,"minecraft:diamond_sword":8,"minecraft:cobblestone":105,"minecraft:grindstone":4,"minecraft:cooked_porkchop":14,"minecraft:smithing_table":7,"minecraft:bucket":3,"minecraft:oak_boat":1,"minecraft:bone_meal":20},"minecraft:custom":{"minecraft:interact_with_smithing_table":2,"minecraft:mob_kills":81,"minecraft:interact_with_crafting_table":37,"minecraft:bell_ring":15,"minecraft:leave_game":11,"minecraft:time_since_death":173360,"minecraft:sprint_one_cm":938132,"minecraft:walk_one_cm":883098,"minecraft:damage_blocked_by_shield":2489,"minecraft:drop":171,"minecraft:talked_to_villager":183,"minecraft:play_time":356071,"minecraft:sneak_time":10170,"minecraft:deaths":3,"minecraft:walk_under_water_one_cm":16238,"minecraft:boat_one_cm":20672,"minecraft:jump":6080,"minecraft:interact_with_blast_furnace":1,"minecraft:walk_on_water_one_cm":32630,"minecraft:total_world_time":356071,"minecraft:interact_with_furnace":112,"minecraft:traded_with_villager":260,"minecraft:interact_with_stonecutter":2,"minecraft:sleep_in_bed":12,"minecraft:time_since_rest":26669,"minecraft:damage_taken":4906,"minecraft:damage_dealt":11194,"minecraft:swim_one_cm":29719,"minecraft:fly_one_cm":1266858,"minecraft:open_chest":120,"minecraft:crouch_one_cm":19272,"minecraft:fall_one_cm":155056},"minecraft:crafted":{"minecraft:cherry_planks":8,"minecraft:grindstone":1,"minecraft:oak_planks":120,"minecraft:raw_iron":9,"minecraft:stone_shovel":16,"minecraft:cooked_chicken":9,"minecraft:furnace":4,"minecraft:stone":1,"minecraft:bone_meal":3,"minecraft:diamond_shovel":2,"minecraft:oak_trapdoor":4,"minecraft:cooked_mutton":30,"minecraft:flint_and_steel":1,"minecraft:diamond_leggings":1,"minecraft:diamond_helmet":1,"minecraft:iron_boots":1,"minecraft:iron_axe":15,"minecraft:spruce_slab":6,"minecraft:stone_pickaxe":1,"minecraft:chest":1,"minecraft:diamond_boots":1,"minecraft:spruce_boat":1,"minecraft:stone_hoe":2,"minecraft:cooked_beef":11,"minecraft:diamond_sword":2,"minecraft:emerald":215,"minecraft:cooked_porkchop":14,"minecraft:diamond_axe":2,"minecraft:crafting_table":4,"minecraft:spruce_planks":2560,"minecraft:iron_helmet":1,"minecraft:wooden_pickaxe":1,"minecraft:smithing_table":1,"minecraft:birch_planks":48,"minecraft:stone_axe":1,"minecraft:air":0,"minecraft:oak_boat":1,"minecraft:iron_chestplate":1,"minecraft:diamond_pickaxe":3,"minecraft:shield":1,"minecraft:stick":5289,"minecraft:stone_slab":2,"minecraft:iron_ingot":72,"minecraft:iron_pickaxe":1,"minecraft:gold_ingot":17,"minecraft:iron_leggings":1,"minecraft:white_bed":1,"minecraft:torch":88,"minecraft:diamond_chestplate":1},"minecraft:dropped":{"minecraft:stone_hoe":3,"minecraft:diamond_axe":1,"minecraft:wheat_seeds":14,"minecraft:mossy_cobblestone":1,"minecraft:diamond":3,"minecraft:coal":173,"minecraft:emerald":18,"minecraft:diorite":1,"minecraft:wooden_hoe":1,"minecraft:iron_leggings":1,"minecraft:oak_stairs":1,"minecraft:wooden_sword":1,"minecraft:iron_axe":2,"minecraft:spruce_sapling":40,"minecraft:stone_axe":1,"minecraft:sugar_cane":6,"minecraft:cooked_chicken":8,"minecraft:stone_sword":1,"minecraft:cobbled_deepslate":6,"minecraft:tuff":1,"minecraft:birch_sapling":3,"minecraft:stone_shovel":19,"minecraft:rotten_flesh":24,"minecraft:diamond_shovel":2,"minecraft:cooked_mutton":9,"minecraft:pumpkin_seeds":51,"minecraft:diamond_sword":1,"minecraft:diamond_pickaxe":1,"minecraft:iron_chestplate":1,"minecraft:spruce_log":154,"minecraft:beef":4,"minecraft:arrow":33,"minecraft:wooden_pickaxe":2,"minecraft:stone_pickaxe":1},"minecraft:picked_up":{"minecraft:crafting_table":5,"minecraft:iron_chestplate":4,"minecraft:lead":2,"minecraft:chicken":9,"minecraft:smithing_table":7,"minecraft:wooden_pickaxe":4,"minecraft:oak_stairs":51,"minecraft:shield":3,"minecraft:oak_trapdoor":12,"minecraft:string":3,"minecraft:raw_copper":8,"minecraft:iron_axe":3,"minecraft:wooden_sword":2,"minecraft:flint_and_steel":1,"minecraft:iron_leggings":4,"minecraft:smooth_stone":3,"minecraft:cobbled_deepslate":236,"minecraft:bucket":1,"minecraft:spruce_planks":181,"minecraft:beef":18,"minecraft:iron_pickaxe":4,"minecraft:sugar_cane":20,"minecraft:chest":4,"minecraft:birch_sapling":4,"minecraft:furnace":2,"minecraft:egg":2,"minecraft:iron_boots":2,"minecraft:stick":63,"minecraft:raw_iron":128,"minecraft:oak_door":2,"minecraft:torch":29,"minecraft:porkchop":22,"minecraft:cherry_log":2,"minecraft:diorite":22,"minecraft:carrot":1,"minecraft:redstone":242,"minecraft:stone_sword":1,"minecraft:arrow":76,"minecraft:stone_shovel":4,"minecraft:rotten_flesh":40,"minecraft:mutton":13,"minecraft:white_wool":7,"minecraft:cobblestone":433,"minecraft:birch_log":19,"minecraft:feather":10,"minecraft:cooked_beef":8,"minecraft:cherry_planks":1,"minecraft:andesite":42,"minecraft:brown_wool":2,"minecraft:leather":6,"minecraft:cobblestone_stairs":2,"minecraft:birch_planks":24,"minecraft:flint":1,"minecraft:yellow_bed":1,"minecraft:tuff":2,"minecraft:oak_log":68,"minecraft:gunpowder":6,"minecraft:lapis_lazuli":69,"minecraft:wooden_hoe":2,"minecraft:dirt":122,"minecraft:cooked_mutton":14,"minecraft:bone":19,"minecraft:bow":2,"minecraft:kelp":56,"minecraft:stonecutter":2,"minecraft:wheat_seeds":22,"minecraft:cooked_chicken":11,"minecraft:raw_gold":24,"minecraft:iron_ingot":60,"minecraft:grindstone":3,"minecraft:stone_pickaxe":3,"minecraft:fletching_table":3,"minecraft:stone_hoe":1,"minecraft:oak_planks":46,"minecraft:pumpkin":3,"minecraft:raw_iron_block":1,"minecraft:gravel":3,"minecraft:spruce_sapling":131,"minecraft:blast_furnace":2,"minecraft:white_bed":9,"minecraft:spruce_log":888,"minecraft:spider_eye":4,"minecraft:mossy_cobblestone":4,"minecraft:pumpkin_seeds":48,"minecraft:spruce_boat":8,"minecraft:diamond":15,"minecraft:stone_axe":3,"minecraft:iron_helmet":2,"minecraft:granite":36,"minecraft:emerald":117,"minecraft:bricks":1,"minecraft:black_wool":1,"minecraft:coal":227,"minecraft:diamond_pickaxe":1},"minecraft:killed":{"minecraft:witch":1,"minecraft:spider":8,"minecraft:skeleton":10,"minecraft:chicken":9,"minecraft:pig":10,"minecraft:zombie_villager":1,"minecraft:creeper":1,"minecraft:sheep":9,"minecraft:zombie":17,"minecraft:cow":7}},"DataVersion":3953}