{"stats":{"minecraft:broken":{"minecraft:wooden_pickaxe":1,"minecraft:stone_pickaxe":2,"minecraft:shield":1,"minecraft:iron_axe":5,"minecraft:stone_axe":1,"minecraft:iron_pickaxe":1},"minecraft:mined":{"minecraft:tuff":2,"minecraft:spruce_planks":204,"minecraft:white_bed":9,"minecraft:mossy_cobblestone":4,"minecraft:deepslate_diamond_ore":9,"minecraft:oak_door":3,"minecraft:cobblestone_stairs":2,"minecraft:cherry_log":2,"minecraft:granite":11,"minecraft:grass_block":53,"minecraft:spruce_leaves":313,"minecraft:kelp":1,"minecraft:spawner":1,"minecraft:smooth_stone":3,"minecraft:raw_iron_block":1,"minecraft:oak_trapdoor":12,"minecraft:spruce_sapling":1,"minecraft:furnace":8,"minecraft:carrots":18,"minecraft:iron_ore":25,"minecraft:fire":3,"minecraft:cobbled_deepslate":36,"minecraft:andesite":15,"minecraft:pumpkin":3,"minecraft:deepslate_lapis_ore":11,"minecraft:fletching_table":3,"minecraft:azure_bluet":2,"minecraft:potatoes":10,"minecraft:dirt_path":71,"minecraft:deepslate_iron_ore":50,"minecraft:oak_stairs":52,"minecraft:stone":154,"minecraft:smithing_table":6,"minecraft:podzol":1,"minecraft:deepslate_redstone_ore":40,"minecraft:glass_pane":6,"minecraft:cherry_planks":1,"minecraft:kelp_plant":3,"minecraft:dandelion":5,"minecraft:crafting_table":8,"minecraft:torch":1,"minecraft:short_grass":60,"minecraft:blast_furnace":1,"minecraft:poppy":1,"minecraft:chest":6,"minecraft:tall_grass":9,"minecraft:spruce_wall_sign":9,"minecraft:cobblestone":128,"minecraft:oak_planks":38,"minecraft:deepslate_gold_ore":19,"minecraft:sugar_cane":51,"minecraft:grindstone":6,"minecraft:bricks":1,"minecraft:diorite":7,"minecraft:wall_torch":2,"minecraft:birch_log":12,"minecraft:wheat":51,"minecraft:spruce_log":619,"minecraft:birch_leaves":4,"minecraft:yellow_bed":1,"minecraft:coal_ore":161,"minecraft:oak_log":53,"minecraft:gravel":14,"minecraft:dirt":22,"minecraft:stonecutter":1,"minecraft:oak_leaves":13,"minecraft:deepslate":50},"minecraft:killed_by":{"minecraft:creeper":1,"minecraft:zombie":1},"minecraft:used":{"minecraft:oak_trapdoor":18,"minecraft:iron_shovel":134,"minecraft:stone_sword":3,"minecraft:flint_and_steel":4,"minecraft:spruce_slab":3,"minecraft:chest":23,"minecraft:spruce_planks":267,"minecraft:shield":46,"minecraft:cooked_chicken":12,"minecraft:oak_door":1,"minecraft:iron_chestplate":1,"minecraft:torch":129,"minecraft:dirt":115,"minecraft:carrot":19,"minecraft:oak_fence_gate":1,"minecraft:spruce_boat":10,"minecraft:iron_axe":1175,"minecraft:iron_helmet":2,"minecraft:iron_boots":1,"minecraft:bow":53,"minecraft:furnace":13,"minecraft:potato":16,"minecraft:cooked_beef":36,"minecraft:cobbled_deepslate":71,"minecraft:iron_leggings":2,"minecraft:cooked_mutton":25,"minecraft:oak_planks":1,"minecraft:wheat_seeds":51,"minecraft:sugar_cane":125,"minecraft:stone_pickaxe":194,"minecraft:water_bucket":2,"minecraft:diorite":4,"minecraft:wooden_pickaxe":59,"minecraft:diamond_axe":291,"minecraft:spruce_sign":21,"minecraft:fletching_table":3,"minecraft:cherry_planks":1,"minecraft:stonecutter":1,"minecraft:blast_furnace":2,"minecraft:crafting_table":17,"minecraft:white_bed":9,"minecraft:spruce_log":24,"minecraft:wooden_hoe":2,"minecraft:diamond_pickaxe":245,"minecraft:bread":6,"minecraft:iron_pickaxe":258,"minecraft:gravel":8,"minecraft:spruce_sapling":81,"minecraft:stone_axe":77,"minecraft:diamond_sword":80,"minecraft:cobblestone":108,"minecraft:grindstone":7,"minecraft:cooked_porkchop":14,"minecraft:smithing_table":7,"minecraft:bucket":4,"minecraft:oak_boat":1,"minecraft:bone_meal":20},"minecraft:custom":{"minecraft:interact_with_smithing_table":2,"minecraft:mob_kills":115,"minecraft:animals_bred":14,"minecraft:interact_with_crafting_table":50,"minecraft:bell_ring":22,"minecraft:leave_game":15,"minecraft:time_since_death":277182,"minecraft:sprint_one_cm":1175201,"minecraft:walk_one_cm":1140314,"minecraft:damage_blocked_by_shield":2939,"minecraft:drop":171,"minecraft:talked_to_villager":248,"minecraft:play_time":459893,"minecraft:sneak_time":12757,"minecraft:deaths":3,"minecraft:walk_under_water_one_cm":26776,"minecraft:boat_one_cm":26202,"minecraft:jump":7710,"minecraft:interact_with_blast_furnace":1,"minecraft:walk_on_water_one_cm":45164,"minecraft:total_world_time":459893,"minecraft:interact_with_furnace":145,"minecraft:traded_with_villager":260,"minecraft:interact_with_stonecutter":2,"minecraft:sleep_in_bed":17,"minecraft:time_since_rest":37643,"minecraft:damage_taken":5687,"minecraft:damage_dealt":15535,"minecraft:swim_one_cm":139939,"minecraft:fly_one_cm":1680162,"minecraft:open_chest":384,"minecraft:crouch_one_cm":24213,"minecraft:fall_one_cm":200691},"minecraft:crafted":{"minecraft:cherry_planks":8,"minecraft:grindstone":1,"minecraft:oak_planks":120,"minecraft:raw_iron":9,"minecraft:stone_shovel":16,"minecraft:cooked_chicken":9,"minecraft:furnace":6,"minecraft:stone":1,"minecraft:bone_meal":3,"minecraft:diamond_shovel":2,"minecraft:cooked_mutton":30,"minecraft:flint_and_steel":1,"minecraft:oak_trapdoor":6,"minecraft:diamond_helmet":1,"minecraft:diamond_leggings":1,"minecraft:iron_boots":1,"minecraft:iron_axe":15,"minecraft:spruce_slab":6,"minecraft:stone_pickaxe":1,"minecraft:chest":17,"minecraft:diamond_boots":1,"minecraft:spruce_boat":1,"minecraft:stone_hoe":2,"minecraft:cooked_beef":30,"minecraft:diamond_sword":2,"minecraft:emerald":215,"minecraft:cooked_porkchop":14,"minecraft:spruce_sign":12,"minecraft:diamond_axe":2,"minecraft:crafting_table":10,"minecraft:spruce_planks":2704,"minecraft:wooden_pickaxe":1,"minecraft:iron_helmet":1,"minecraft:smithing_table":1,"minecraft:bucket":1,"minecraft:birch_planks":48,"minecraft:stone_axe":1,"minecraft:air":0,"minecraft:oak_boat":1,"minecraft:iron_chestplate":1,"minecraft:diamond_pickaxe":3,"minecraft:shield":2,"minecraft:stick":5289,"minecraft:stone_slab":2,"minecraft:iron_ingot":72,"minecraft:iron_pickaxe":1,"minecraft:gold_ingot":17,"minecraft:iron_leggings":1,"minecraft:white_bed":1,"minecraft:torch":88,"minecraft:diamond_chestplate":1},"minecraft:dropped":{"minecraft:stone_hoe":3,"minecraft:wheat_seeds":14,"minecraft:diamond_axe":1,"minecraft:mossy_cobblestone":1,"minecraft:diamond":3,"minecraft:coal":173,"minecraft:emerald":18,"minecraft:diorite":1,"minecraft:wooden_hoe":1,"minecraft:iron_leggings":1,"minecraft:oak_stairs":1,"minecraft:wooden_sword":1,"minecraft:iron_axe":2,"minecraft:spruce_sapling":40,"minecraft:stone_axe":1,"minecraft:sugar_cane":6,"minecraft:cooked_chicken":8,"minecraft:stone_sword":1,"minecraft:cobbled_deepslate":6,"minecraft:tuff":1,"minecraft:birch_sapling":3,"minecraft:stone_shovel":19,"minecraft:rotten_flesh":24,"minecraft:diamond_shovel":2,"minecraft:cooked_mutton":9,"minecraft:pumpkin_seeds":51,"minecraft:diamond_sword":1,"minecraft:diamond_pickaxe":1,"minecraft:iron_chestplate":1,"minecraft:spruce_log":154,"minecraft:arrow":33,"minecraft:beef":4,"minecraft:stone_pickaxe":1,"minecraft:wooden_pickaxe":2},"minecraft:picked_up":{"minecraft:iron_chestplate":4,"minecraft:crafting_table":10,"minecraft:wheat":18,"minecraft:azure_bluet":2,"minecraft:chicken":11,"minecraft:lead":2,"minecraft:smithing_table":7,"minecraft:wooden_pickaxe":4,"minecraft:oak_stairs":51,"minecraft:shield":3,"minecraft:oak_trapdoor":13,"minecraft:string":4,"minecraft:raw_copper":8,"minecraft:iron_axe":3,"minecraft:wooden_sword":2,"minecraft:flint_and_steel":1,"minecraft:iron_leggings":4,"minecraft:smooth_stone":3,"minecraft:cobbled_deepslate":236,"minecraft:bucket":1,"minecraft:spruce_planks":212,"minecraft:beef":37,"minecraft:oak_boat":1,"minecraft:poppy":1,"minecraft:iron_pickaxe":4,"minecraft:sugar_cane":78,"minecraft:chest":6,"minecraft:birch_sapling":4,"minecraft:furnace":8,"minecraft:iron_boots":2,"minecraft:egg":2,"minecraft:raw_iron":131,"minecraft:stick":68,"minecraft:oak_door":3,"minecraft:torch":29,"minecraft:porkchop":22,"minecraft:cherry_log":2,"minecraft:diorite":22,"minecraft:carrot":47,"minecraft:redstone":242,"minecraft:stone_sword":1,"minecraft:arrow":84,"minecraft:stone_shovel":4,"minecraft:rotten_flesh":49,"minecraft:mutton":14,"minecraft:white_wool":8,"minecraft:cobblestone":467,"minecraft:birch_log":19,"minecraft:feather":11,"minecraft:cooked_beef":8,"minecraft:cherry_planks":1,"minecraft:andesite":42,"minecraft:salmon":3,"minecraft:leather":22,"minecraft:brown_wool":2,"minecraft:potato":21,"minecraft:birch_planks":24,"minecraft:flint":1,"minecraft:tuff":2,"minecraft:oak_log":68,"minecraft:yellow_bed":1,"minecraft:gunpowder":6,"minecraft:cobblestone_stairs":2,"minecraft:wooden_hoe":2,"minecraft:lapis_lazuli":69,"minecraft:dirt":170,"minecraft:cooked_mutton":14,"minecraft:bone":27,"minecraft:kelp":56,"minecraft:bow":3,"minecraft:stonecutter":2,"minecraft:wheat_seeds":108,"minecraft:raw_gold":24,"minecraft:grindstone":6,"minecraft:iron_ingot":60,"minecraft:stone_pickaxe":3,"minecraft:cooked_chicken":11,"minecraft:fletching_table":3,"minecraft:stone_hoe":1,"minecraft:oak_planks":46,"minecraft:pumpkin":3,"minecraft:dandelion":5,"minecraft:raw_iron_block":1,"minecraft:gravel":15,"minecraft:spruce_sapling":134,"minecraft:blast_furnace":2,"minecraft:white_bed":10,"minecraft:spruce_log":924,"minecraft:spider_eye":4,"minecraft:mossy_cobblestone":4,"minecraft:pumpkin_seeds":48,"minecraft:spruce_boat":10,"minecraft:diamond":15,"minecraft:stone_axe":3,"minecraft:iron_helmet":2,"minecraft:granite":36,"minecraft:spruce_sign":9,"minecraft:emerald":117,"minecraft:black_wool":1,"minecraft:bricks":1,"minecraft:coal":312,"minecraft:diamond_pickaxe":1},"minecraft:killed":{"minecraft:witch":1,"minecraft:spider":9,"minecraft:skeleton":14,"minecraft:chicken":11,"minecraft:drowned":1,"minecraft:pig":10,"minecraft:zombie_villager":1,"minecraft:salmon":4,"minecraft:creeper":1,"minecraft:sheep":10,"minecraft:zombie":26,"minecraft:cow":18}},"DataVersion":3953}