{"stats":{"minecraft:killed_by":{"minecraft:creeper":1,"minecraft:zombie":1},"minecraft:dropped":{"minecraft:diamond_axe":1,"minecraft:diamond":3,"minecraft:crafting_table":2,"minecraft:leather":32,"minecraft:cobblestone_stairs":132,"minecraft:emerald":24,"minecraft:dirt":164,"minecraft:wooden_sword":1,"minecraft:sunflower":8,"minecraft:sand":42,"minecraft:gold_ingot":1,"minecraft:bone":1,"minecraft:gravel":3,"minecraft:stone_axe":1,"minecraft:sugar_cane":6,"minecraft:cooked_chicken":8,"minecraft:cobbled_deepslate":183,"minecraft:wheat":1,"minecraft:birch_sapling":3,"minecraft:rotten_flesh":26,"minecraft:diamond_shovel":2,"minecraft:cooked_mutton":9,"minecraft:gunpowder":8,"minecraft:glass":51,"minecraft:arrow":34,"minecraft:beef":13,"minecraft:stone_hoe":4,"minecraft:iron_ingot":20,"minecraft:wheat_seeds":30,"minecraft:mossy_cobblestone":1,"minecraft:cobblestone":62,"minecraft:granite":1,"minecraft:coal":173,"minecraft:diorite":1,"minecraft:wooden_hoe":1,"minecraft:iron_leggings":1,"minecraft:oak_stairs":1,"minecraft:iron_axe":2,"minecraft:iron_shovel":1,"minecraft:paper":15,"minecraft:string":10,"minecraft:bucket":1,"minecraft:spruce_sapling":42,"minecraft:furnace":2,"minecraft:stone_sword":1,"minecraft:raw_copper":2,"minecraft:tuff":14,"minecraft:stone_shovel":19,"minecraft:stripped_oak_log":3,"minecraft:stone_slab":56,"minecraft:pumpkin_seeds":51,"minecraft:diamond_sword":2,"minecraft:potato":273,"minecraft:spruce_boat":1,"minecraft:spruce_trapdoor":1,"minecraft:diamond_pickaxe":5,"minecraft:iron_chestplate":1,"minecraft:andesite":1,"minecraft:oak_sapling":1,"minecraft:spider_eye":1,"minecraft:spruce_log":154,"minecraft:bow":1,"minecraft:stone_pickaxe":1,"minecraft:wooden_pickaxe":2},"minecraft:broken":{"minecraft:stone_pickaxe":2,"minecraft:diamond_pickaxe":2,"minecraft:stone_axe":1,"minecraft:wooden_pickaxe":1,"minecraft:shield":1,"minecraft:iron_axe":6,"minecraft:iron_pickaxe":1},"minecraft:used":{"minecraft:iron_shovel":134,"minecraft:spruce_slab":4,"minecraft:dispenser":2,"minecraft:oak_sign":4,"minecraft:chest":33,"minecraft:shield":82,"minecraft:stone":459,"minecraft:iron_chestplate":1,"minecraft:soul_sand":2,"minecraft:carrot":20,"minecraft:spruce_boat":33,"minecraft:glass":1153,"minecraft:iron_helmet":2,"minecraft:magma_block":1,"minecraft:bow":97,"minecraft:furnace":15,"minecraft:gray_bed":2,"minecraft:potato":82,"minecraft:diorite":4,"minecraft:oak_planks":2,"minecraft:stone_pickaxe":194,"minecraft:powered_rail":7,"minecraft:wooden_pickaxe":59,"minecraft:composter":2,"minecraft:sugar_cane":151,"minecraft:blue_bed":17,"minecraft:diamond_axe":814,"minecraft:sand":6,"minecraft:loom":2,"minecraft:blast_furnace":2,"minecraft:redstone_torch":8,"minecraft:bread":6,"minecraft:lectern":27,"minecraft:gravel":8,"minecraft:diamond_sword":393,"minecraft:grindstone":7,"minecraft:smithing_table":7,"minecraft:oak_boat":27,"minecraft:bone_meal":20,"minecraft:oak_fence":1,"minecraft:oak_trapdoor":19,"minecraft:stone_sword":3,"minecraft:flint_and_steel":4,"minecraft:spruce_planks":351,"minecraft:cooked_salmon":3,"minecraft:cooked_chicken":13,"minecraft:stone_hoe":81,"minecraft:netherrack":131,"minecraft:oak_door":1,"minecraft:torch":410,"minecraft:dirt":2482,"minecraft:hopper":5,"minecraft:granite":160,"minecraft:spruce_fence":26,"minecraft:oak_fence_gate":1,"minecraft:polished_diorite":53,"minecraft:iron_axe":1372,"minecraft:spruce_button":2,"minecraft:iron_boots":1,"minecraft:glowstone":1,"minecraft:minecart":3,"minecraft:cooked_beef":79,"minecraft:cobbled_deepslate":77,"minecraft:iron_leggings":2,"minecraft:wheat_seeds":64,"minecraft:cooked_mutton":26,"minecraft:water_bucket":41,"minecraft:cobblestone_stairs":96,"minecraft:baked_potato":30,"minecraft:cobblestone_slab":8,"minecraft:spruce_sign":21,"minecraft:cherry_planks":1,"minecraft:fletching_table":3,"minecraft:spruce_fence_gate":38,"minecraft:stonecutter":4,"minecraft:mossy_cobblestone":2,"minecraft:rail":25,"minecraft:crafting_table":21,"minecraft:white_bed":29,"minecraft:spruce_log":24,"minecraft:wooden_hoe":2,"minecraft:activator_rail":11,"minecraft:diamond_pickaxe":4290,"minecraft:diamond_shovel":4811,"minecraft:sunflower":1,"minecraft:iron_pickaxe":258,"minecraft:detector_rail":2,"minecraft:stone_slab":237,"minecraft:spruce_trapdoor":6,"minecraft:spruce_sapling":81,"minecraft:stone_axe":77,"minecraft:cobblestone":992,"minecraft:porkchop":10,"minecraft:cooked_porkchop":78,"minecraft:bucket":42,"minecraft:yellow_bed":8,"minecraft:kelp":14},"minecraft:custom":{"minecraft:animals_bred":24,"minecraft:interact_with_crafting_table":101,"minecraft:bell_ring":28,"minecraft:leave_game":36,"minecraft:time_since_death":1240764,"minecraft:sprint_one_cm":2933411,"minecraft:damage_blocked_by_shield":5912,"minecraft:drop":260,"minecraft:talked_to_villager":356,"minecraft:play_time":1423475,"minecraft:deaths":3,"minecraft:jump":20318,"minecraft:walk_on_water_one_cm":361123,"minecraft:interact_with_furnace":238,"minecraft:traded_with_villager":391,"minecraft:interact_with_loom":1,"minecraft:sleep_in_bed":44,"minecraft:damage_dealt":33279,"minecraft:crouch_one_cm":234953,"minecraft:inspect_dispenser":2,"minecraft:interact_with_smithing_table":2,"minecraft:interact_with_anvil":4,"minecraft:mob_kills":258,"minecraft:climb_one_cm":7976,"minecraft:walk_one_cm":3238512,"minecraft:sneak_time":88519,"minecraft:walk_under_water_one_cm":287378,"minecraft:boat_one_cm":593917,"minecraft:interact_with_blast_furnace":1,"minecraft:total_world_time":1423475,"minecraft:interact_with_stonecutter":12,"minecraft:interact_with_grindstone":1,"minecraft:time_since_rest":21366,"minecraft:damage_taken":12660,"minecraft:swim_one_cm":452865,"minecraft:fly_one_cm":4330953,"minecraft:open_chest":904,"minecraft:fall_one_cm":450164},"minecraft:mined":{"minecraft:spruce_planks":241,"minecraft:white_bed":28,"minecraft:cobblestone_stairs":6,"minecraft:cherry_log":2,"minecraft:spruce_trapdoor":2,"minecraft:granite":221,"minecraft:grass_block":1004,"minecraft:polished_diorite":21,"minecraft:hopper":3,"minecraft:oak_wall_sign":1,"minecraft:spawner":3,"minecraft:smooth_stone":3,"minecraft:tall_seagrass":2,"minecraft:raw_iron_block":1,"minecraft:magma_block":3,"minecraft:iron_ore":108,"minecraft:cobbled_deepslate":71,"minecraft:fire":3,"minecraft:pumpkin":3,"minecraft:deepslate_lapis_ore":28,"minecraft:fletching_table":3,"minecraft:azure_bluet":2,"minecraft:dirt_path":431,"minecraft:oak_stairs":52,"minecraft:deepslate_redstone_ore":79,"minecraft:kelp_plant":3,"minecraft:crimson_nylium":5,"minecraft:torch":5,"minecraft:blast_furnace":1,"minecraft:poppy":2,"minecraft:chest":13,"minecraft:dead_bush":1,"minecraft:spruce_wall_sign":9,"minecraft:glass":67,"minecraft:nether_quartz_ore":29,"minecraft:cobblestone":328,"minecraft:oak_planks":40,"minecraft:grindstone":6,"minecraft:sugar_cane":248,"minecraft:bricks":1,"minecraft:wall_torch":9,"minecraft:powered_rail":7,"minecraft:nether_wart_block":1,"minecraft:birch_log":17,"minecraft:wheat":64,"minecraft:activator_rail":11,"minecraft:oak_log":80,"minecraft:loom":1,"minecraft:sand":982,"minecraft:dirt":2267,"minecraft:stonecutter":4,"minecraft:netherrack":52,"minecraft:oak_leaves":48,"minecraft:deepslate":1012,"minecraft:tuff":141,"minecraft:mossy_cobblestone":7,"minecraft:deepslate_diamond_ore":17,"minecraft:oak_door":3,"minecraft:crimson_roots":1,"minecraft:spruce_leaves":340,"minecraft:kelp":15,"minecraft:sandstone":3,"minecraft:large_fern":1,"minecraft:redstone_ore":6,"minecraft:oak_trapdoor":12,"minecraft:spruce_sapling":1,"minecraft:furnace":10,"minecraft:carrots":18,"minecraft:andesite":128,"minecraft:detector_rail":2,"minecraft:potatoes":10,"minecraft:deepslate_iron_ore":83,"minecraft:vine":8,"minecraft:rail":23,"minecraft:stripped_oak_log":3,"minecraft:stone":1777,"minecraft:redstone_wall_torch":4,"minecraft:smithing_table":6,"minecraft:podzol":400,"minecraft:glass_pane":6,"minecraft:cherry_planks":1,"minecraft:dandelion":7,"minecraft:oak_fence":1,"minecraft:crafting_table":12,"minecraft:short_grass":88,"minecraft:lectern":25,"minecraft:stone_slab":107,"minecraft:copper_ore":7,"minecraft:tall_grass":16,"minecraft:lapis_ore":4,"minecraft:deepslate_gold_ore":19,"minecraft:lily_pad":10,"minecraft:diorite":69,"minecraft:blue_bed":8,"minecraft:birch_leaves":5,"minecraft:spruce_log":1152,"minecraft:yellow_bed":6,"minecraft:coal_ore":318,"minecraft:sunflower":4,"minecraft:gravel":84,"minecraft:spruce_fence_gate":1,"minecraft:gold_ore":4},"minecraft:picked_up":{"minecraft:iron_chestplate":4,"minecraft:wheat":29,"minecraft:smithing_table":7,"minecraft:stone_slab":159,"minecraft:lead":2,"minecraft:diamond_sword":1,"minecraft:oak_stairs":51,"minecraft:string":26,"minecraft:raw_copper":20,"minecraft:iron_leggings":4,"minecraft:activator_rail":11,"minecraft:cobbled_deepslate":541,"minecraft:smooth_stone":3,"minecraft:bucket":1,"minecraft:spruce_planks":249,"minecraft:redstone_torch":5,"minecraft:iron_pickaxe":4,"minecraft:furnace":10,"minecraft:iron_boots":2,"minecraft:stick":101,"minecraft:composter":2,"minecraft:oak_fence":1,"minecraft:torch":44,"minecraft:porkchop":131,"minecraft:cherry_log":2,"minecraft:diorite":83,"minecraft:stone_sword":1,"minecraft:nether_gold_ore":1,"minecraft:rotten_flesh":91,"minecraft:glowstone":7,"minecraft:cobblestone":1956,"minecraft:birch_log":24,"minecraft:magma_block":3,"minecraft:feather":11,"minecraft:cooked_beef":8,"minecraft:cherry_planks":1,"minecraft:andesite":156,"minecraft:brown_wool":2,"minecraft:potato":90,"minecraft:flint":7,"minecraft:tuff":15,"minecraft:lapis_lazuli":210,"minecraft:dirt":4173,"minecraft:glass":681,"minecraft:bone":40,"minecraft:stonecutter":5,"minecraft:bow":4,"minecraft:wheat_seeds":178,"minecraft:raw_gold":28,"minecraft:grindstone":6,"minecraft:fletching_table":3,"minecraft:powered_rail":7,"minecraft:stone_hoe":2,"minecraft:oak_planks":48,"minecraft:sand":1187,"minecraft:loom":1,"minecraft:lily_of_the_valley":3,"minecraft:mossy_cobblestone":6,"minecraft:spruce_fence_gate":35,"minecraft:diamond":23,"minecraft:spruce_boat":36,"minecraft:granite":246,"minecraft:spruce_sign":9,"minecraft:emerald":172,"minecraft:oak_sapling":7,"minecraft:netherrack":217,"minecraft:bricks":1,"minecraft:diamond_pickaxe":5,"minecraft:crafting_table":14,"minecraft:azure_bluet":2,"minecraft:chicken":11,"minecraft:leather_leggings":1,"minecraft:wooden_pickaxe":4,"minecraft:shield":3,"minecraft:oak_trapdoor":13,"minecraft:iron_axe":3,"minecraft:wooden_sword":2,"minecraft:flint_and_steel":1,"minecraft:detector_rail":2,"minecraft:beef":58,"minecraft:oak_boat":30,"minecraft:poppy":2,"minecraft:minecart":2,"minecraft:lectern":25,"minecraft:chest":13,"minecraft:sugar_cane":360,"minecraft:birch_sapling":4,"minecraft:spruce_trapdoor":4,"minecraft:egg":2,"minecraft:raw_iron":245,"minecraft:sandstone":3,"minecraft:stone":180,"minecraft:oak_door":3,"minecraft:copper_ingot":1,"minecraft:carrot":48,"minecraft:redstone":495,"minecraft:stone_shovel":4,"minecraft:arrow":96,"minecraft:gold_ingot":32,"minecraft:mutton":14,"minecraft:rail":25,"minecraft:white_wool":8,"minecraft:oxeye_daisy":1,"minecraft:stripped_oak_log":3,"minecraft:salmon":4,"minecraft:leather":57,"minecraft:birch_planks":24,"minecraft:oak_log":93,"minecraft:lily_pad":12,"minecraft:yellow_bed":11,"minecraft:golden_boots":1,"minecraft:nether_wart_block":1,"minecraft:gunpowder":7,"minecraft:cobblestone_stairs":198,"minecraft:wooden_hoe":2,"minecraft:blue_bed":17,"minecraft:paper":15,"minecraft:cooked_mutton":14,"minecraft:apple":1,"minecraft:kelp":70,"minecraft:iron_ingot":60,"minecraft:stone_pickaxe":3,"minecraft:cooked_chicken":11,"minecraft:gray_bed":5,"minecraft:nether_quartz_ore":3,"minecraft:pumpkin":3,"minecraft:quartz":29,"minecraft:dandelion":8,"minecraft:raw_iron_block":1,"minecraft:gravel":78,"minecraft:spruce_sapling":190,"minecraft:blast_furnace":2,"minecraft:white_bed":32,"minecraft:spruce_log":1521,"minecraft:spider_eye":7,"minecraft:diamond_shovel":1,"minecraft:pumpkin_seeds":48,"minecraft:polished_diorite":19,"minecraft:stone_axe":3,"minecraft:iron_helmet":2,"minecraft:black_wool":1,"minecraft:coal":471,"minecraft:hopper":3,"minecraft:sunflower":17},"minecraft:crafted":{"minecraft:grindstone":1,"minecraft:oak_planks":136,"minecraft:oak_sign":3,"minecraft:cooked_chicken":10,"minecraft:loom":1,"minecraft:stone":1,"minecraft:diamond_shovel":2,"minecraft:bookshelf":2,"minecraft:gray_wool":12,"minecraft:cooked_mutton":31,"minecraft:glass":354,"minecraft:hopper":2,"minecraft:diamond_helmet":1,"minecraft:bow":2,"minecraft:diamond_leggings":1,"minecraft:iron_boots":1,"minecraft:chest":23,"minecraft:stone_hoe":2,"minecraft:gray_bed":14,"minecraft:emerald":298,"minecraft:cooked_porkchop":14,"minecraft:soul_campfire":9,"minecraft:diamond_axe":2,"minecraft:crafting_table":12,"minecraft:spruce_planks":4064,"minecraft:iron_helmet":1,"minecraft:wooden_pickaxe":1,"minecraft:baked_potato":30,"minecraft:smithing_table":1,"minecraft:birch_planks":48,"minecraft:dispenser":2,"minecraft:spruce_trapdoor":6,"minecraft:lectern":2,"minecraft:iron_chestplate":1,"minecraft:book":28,"minecraft:paper":234,"minecraft:diamond_pickaxe":4,"minecraft:shield":2,"minecraft:stone_slab":2,"minecraft:stick":7585,"minecraft:iron_ingot":145,"minecraft:iron_pickaxe":1,"minecraft:gold_ingot":17,"minecraft:redstone_torch":3,"minecraft:spruce_fence_gate":3,"minecraft:shears":10,"minecraft:cherry_planks":8,"minecraft:raw_iron":9,"minecraft:stone_shovel":16,"minecraft:furnace":7,"minecraft:bone_meal":3,"minecraft:spruce_fence":39,"minecraft:oak_trapdoor":6,"minecraft:flint_and_steel":1,"minecraft:iron_axe":15,"minecraft:spruce_slab":12,"minecraft:stone_pickaxe":1,"minecraft:diamond_boots":1,"minecraft:spruce_boat":3,"minecraft:minecart":1,"minecraft:cooked_beef":31,"minecraft:diamond_sword":2,"minecraft:spruce_sign":12,"minecraft:powered_rail":6,"minecraft:blue_bed":12,"minecraft:cooked_salmon":3,"minecraft:bucket":2,"minecraft:stone_axe":1,"minecraft:enchanted_book":2,"minecraft:air":0,"minecraft:oak_boat":1,"minecraft:iron_leggings":1,"minecraft:white_bed":1,"minecraft:torch":384,"minecraft:diamond_chestplate":1},"minecraft:killed":{"minecraft:witch":2,"minecraft:spider":18,"minecraft:skeleton":23,"minecraft:chicken":11,"minecraft:piglin":1,"minecraft:pig":67,"minecraft:zombie_villager":1,"minecraft:salmon":4,"minecraft:creeper":3,"minecraft:sheep":10,"minecraft:pillager":1,"minecraft:zombie":61,"minecraft:cow":27,"minecraft:drowned":10,"minecraft:villager":8}},"DataVersion":3953}