{"stats":{"minecraft:broken":{"minecraft:wooden_pickaxe":1,"minecraft:stone_pickaxe":2,"minecraft:shield":1,"minecraft:iron_axe":5,"minecraft:stone_axe":1,"minecraft:iron_pickaxe":1},"minecraft:mined":{"minecraft:tuff":2,"minecraft:spruce_planks":204,"minecraft:white_bed":9,"minecraft:mossy_cobblestone":4,"minecraft:deepslate_diamond_ore":9,"minecraft:oak_door":3,"minecraft:cobblestone_stairs":2,"minecraft:cherry_log":2,"minecraft:granite":12,"minecraft:grass_block":53,"minecraft:spruce_leaves":313,"minecraft:kelp":1,"minecraft:spawner":3,"minecraft:smooth_stone":3,"minecraft:magma_block":2,"minecraft:raw_iron_block":1,"minecraft:oak_trapdoor":12,"minecraft:spruce_sapling":1,"minecraft:furnace":10,"minecraft:carrots":18,"minecraft:iron_ore":69,"minecraft:fire":3,"minecraft:cobbled_deepslate":36,"minecraft:andesite":62,"minecraft:pumpkin":3,"minecraft:deepslate_lapis_ore":11,"minecraft:fletching_table":3,"minecraft:azure_bluet":2,"minecraft:potatoes":10,"minecraft:dirt_path":71,"minecraft:deepslate_iron_ore":50,"minecraft:oak_stairs":52,"minecraft:stone":291,"minecraft:smithing_table":6,"minecraft:podzol":1,"minecraft:deepslate_redstone_ore":40,"minecraft:glass_pane":6,"minecraft:cherry_planks":1,"minecraft:kelp_plant":3,"minecraft:dandelion":5,"minecraft:crafting_table":9,"minecraft:torch":1,"minecraft:short_grass":60,"minecraft:blast_furnace":1,"minecraft:poppy":1,"minecraft:copper_ore":2,"minecraft:chest":6,"minecraft:tall_grass":9,"minecraft:cobblestone":132,"minecraft:spruce_wall_sign":9,"minecraft:lapis_ore":3,"minecraft:oak_planks":38,"minecraft:deepslate_gold_ore":19,"minecraft:sugar_cane":51,"minecraft:grindstone":6,"minecraft:bricks":1,"minecraft:diorite":33,"minecraft:wall_torch":2,"minecraft:birch_log":12,"minecraft:wheat":51,"minecraft:spruce_log":619,"minecraft:birch_leaves":4,"minecraft:yellow_bed":1,"minecraft:coal_ore":250,"minecraft:oak_log":53,"minecraft:gravel":14,"minecraft:dirt":22,"minecraft:stonecutter":1,"minecraft:oak_leaves":13,"minecraft:deepslate":50},"minecraft:killed_by":{"minecraft:creeper":1,"minecraft:zombie":1},"minecraft:custom":{"minecraft:interact_with_smithing_table":2,"minecraft:mob_kills":135,"minecraft:animals_bred":14,"minecraft:interact_with_crafting_table":51,"minecraft:bell_ring":22,"minecraft:leave_game":16,"minecraft:time_since_death":301092,"minecraft:sprint_one_cm":1200038,"minecraft:walk_one_cm":1206492,"minecraft:damage_blocked_by_shield":3092,"minecraft:drop":172,"minecraft:talked_to_villager":248,"minecraft:play_time":483803,"minecraft:sneak_time":15677,"minecraft:deaths":3,"minecraft:walk_under_water_one_cm":28165,"minecraft:boat_one_cm":26202,"minecraft:jump":7870,"minecraft:interact_with_blast_furnace":1,"minecraft:walk_on_water_one_cm":45768,"minecraft:total_world_time":483803,"minecraft:interact_with_furnace":180,"minecraft:traded_with_villager":260,"minecraft:interact_with_stonecutter":2,"minecraft:sleep_in_bed":17,"minecraft:time_since_rest":61553,"minecraft:damage_taken":6371,"minecraft:damage_dealt":19046,"minecraft:swim_one_cm":139939,"minecraft:fly_one_cm":1690786,"minecraft:open_chest":386,"minecraft:crouch_one_cm":29354,"minecraft:fall_one_cm":202545},"minecraft:used":{"minecraft:oak_trapdoor":18,"minecraft:iron_shovel":134,"minecraft:stone_sword":3,"minecraft:flint_and_steel":4,"minecraft:spruce_slab":3,"minecraft:chest":23,"minecraft:spruce_planks":267,"minecraft:shield":52,"minecraft:cooked_chicken":13,"minecraft:oak_door":1,"minecraft:iron_chestplate":1,"minecraft:torch":190,"minecraft:dirt":132,"minecraft:carrot":20,"minecraft:oak_fence_gate":1,"minecraft:spruce_boat":10,"minecraft:iron_axe":1176,"minecraft:iron_helmet":2,"minecraft:iron_boots":1,"minecraft:bow":59,"minecraft:furnace":15,"minecraft:potato":17,"minecraft:cooked_beef":38,"minecraft:cobbled_deepslate":71,"minecraft:baked_potato":5,"minecraft:cooked_mutton":26,"minecraft:iron_leggings":2,"minecraft:oak_planks":1,"minecraft:sugar_cane":125,"minecraft:wheat_seeds":51,"minecraft:stone_pickaxe":194,"minecraft:wooden_pickaxe":59,"minecraft:water_bucket":2,"minecraft:diorite":4,"minecraft:diamond_axe":291,"minecraft:spruce_sign":21,"minecraft:fletching_table":3,"minecraft:cherry_planks":1,"minecraft:stonecutter":1,"minecraft:blast_furnace":2,"minecraft:crafting_table":18,"minecraft:white_bed":9,"minecraft:spruce_log":24,"minecraft:wooden_hoe":2,"minecraft:diamond_pickaxe":604,"minecraft:bread":6,"minecraft:iron_pickaxe":258,"minecraft:gravel":8,"minecraft:spruce_sapling":81,"minecraft:stone_axe":77,"minecraft:diamond_sword":140,"minecraft:cobblestone":131,"minecraft:grindstone":7,"minecraft:cooked_porkchop":14,"minecraft:smithing_table":7,"minecraft:bucket":4,"minecraft:oak_boat":1,"minecraft:bone_meal":20},"minecraft:crafted":{"minecraft:cherry_planks":8,"minecraft:grindstone":1,"minecraft:oak_planks":120,"minecraft:raw_iron":9,"minecraft:stone_shovel":16,"minecraft:cooked_chicken":10,"minecraft:furnace":7,"minecraft:stone":1,"minecraft:bone_meal":3,"minecraft:diamond_shovel":2,"minecraft:cooked_mutton":31,"minecraft:flint_and_steel":1,"minecraft:oak_trapdoor":6,"minecraft:diamond_helmet":1,"minecraft:diamond_leggings":1,"minecraft:iron_boots":1,"minecraft:iron_axe":15,"minecraft:spruce_slab":6,"minecraft:stone_pickaxe":1,"minecraft:chest":17,"minecraft:diamond_boots":1,"minecraft:spruce_boat":1,"minecraft:stone_hoe":2,"minecraft:cooked_beef":30,"minecraft:diamond_sword":2,"minecraft:emerald":215,"minecraft:cooked_porkchop":14,"minecraft:spruce_sign":12,"minecraft:diamond_axe":2,"minecraft:crafting_table":10,"minecraft:spruce_planks":2712,"minecraft:baked_potato":30,"minecraft:wooden_pickaxe":1,"minecraft:iron_helmet":1,"minecraft:smithing_table":1,"minecraft:cooked_salmon":3,"minecraft:bucket":1,"minecraft:birch_planks":48,"minecraft:stone_axe":1,"minecraft:air":0,"minecraft:oak_boat":1,"minecraft:iron_chestplate":1,"minecraft:diamond_pickaxe":3,"minecraft:shield":2,"minecraft:stick":5309,"minecraft:stone_slab":2,"minecraft:iron_ingot":74,"minecraft:iron_pickaxe":1,"minecraft:gold_ingot":17,"minecraft:iron_leggings":1,"minecraft:white_bed":1,"minecraft:torch":188,"minecraft:diamond_chestplate":1},"minecraft:dropped":{"minecraft:stone_hoe":3,"minecraft:wheat_seeds":14,"minecraft:diamond_axe":1,"minecraft:mossy_cobblestone":1,"minecraft:diamond":3,"minecraft:cobblestone":61,"minecraft:coal":173,"minecraft:emerald":18,"minecraft:diorite":1,"minecraft:wooden_hoe":1,"minecraft:iron_leggings":1,"minecraft:oak_stairs":1,"minecraft:wooden_sword":1,"minecraft:iron_axe":2,"minecraft:spruce_sapling":40,"minecraft:stone_axe":1,"minecraft:sugar_cane":6,"minecraft:cooked_chicken":8,"minecraft:stone_sword":1,"minecraft:cobbled_deepslate":6,"minecraft:tuff":1,"minecraft:birch_sapling":3,"minecraft:stone_shovel":19,"minecraft:rotten_flesh":24,"minecraft:diamond_shovel":2,"minecraft:cooked_mutton":9,"minecraft:pumpkin_seeds":51,"minecraft:diamond_sword":1,"minecraft:diamond_pickaxe":1,"minecraft:iron_chestplate":1,"minecraft:spruce_log":154,"minecraft:arrow":33,"minecraft:beef":4,"minecraft:stone_pickaxe":1,"minecraft:wooden_pickaxe":2},"minecraft:picked_up":{"minecraft:iron_chestplate":4,"minecraft:crafting_table":11,"minecraft:wheat":18,"minecraft:azure_bluet":2,"minecraft:chicken":11,"minecraft:lead":2,"minecraft:leather_leggings":1,"minecraft:smithing_table":7,"minecraft:wooden_pickaxe":4,"minecraft:oak_stairs":51,"minecraft:shield":3,"minecraft:oak_trapdoor":13,"minecraft:string":4,"minecraft:raw_copper":8,"minecraft:iron_axe":3,"minecraft:wooden_sword":2,"minecraft:flint_and_steel":1,"minecraft:iron_leggings":4,"minecraft:smooth_stone":3,"minecraft:cobbled_deepslate":236,"minecraft:bucket":1,"minecraft:spruce_planks":212,"minecraft:beef":37,"minecraft:oak_boat":1,"minecraft:poppy":1,"minecraft:iron_pickaxe":4,"minecraft:sugar_cane":78,"minecraft:chest":6,"minecraft:birch_sapling":4,"minecraft:furnace":10,"minecraft:iron_boots":2,"minecraft:egg":2,"minecraft:raw_iron":176,"minecraft:stick":68,"minecraft:oak_door":3,"minecraft:torch":29,"minecraft:porkchop":22,"minecraft:cherry_log":2,"minecraft:diorite":47,"minecraft:carrot":48,"minecraft:redstone":242,"minecraft:stone_sword":1,"minecraft:arrow":84,"minecraft:stone_shovel":4,"minecraft:rotten_flesh":66,"minecraft:magma_block":2,"minecraft:golden_boots":1,"minecraft:mutton":14,"minecraft:white_wool":8,"minecraft:cobblestone":606,"minecraft:birch_log":19,"minecraft:feather":11,"minecraft:cooked_beef":8,"minecraft:cherry_planks":1,"minecraft:andesite":87,"minecraft:salmon":3,"minecraft:leather":22,"minecraft:brown_wool":2,"minecraft:potato":21,"minecraft:birch_planks":24,"minecraft:flint":1,"minecraft:tuff":2,"minecraft:oak_log":68,"minecraft:yellow_bed":1,"minecraft:gunpowder":6,"minecraft:cobblestone_stairs":2,"minecraft:wooden_hoe":2,"minecraft:lapis_lazuli":92,"minecraft:dirt":170,"minecraft:cooked_mutton":14,"minecraft:bone":27,"minecraft:kelp":56,"minecraft:bow":3,"minecraft:stonecutter":2,"minecraft:wheat_seeds":108,"minecraft:raw_gold":24,"minecraft:grindstone":6,"minecraft:iron_ingot":60,"minecraft:stone_pickaxe":3,"minecraft:cooked_chicken":11,"minecraft:fletching_table":3,"minecraft:stone_hoe":1,"minecraft:oak_planks":46,"minecraft:pumpkin":3,"minecraft:dandelion":5,"minecraft:raw_iron_block":1,"minecraft:gravel":15,"minecraft:spruce_sapling":134,"minecraft:blast_furnace":2,"minecraft:white_bed":10,"minecraft:spruce_log":924,"minecraft:spider_eye":4,"minecraft:mossy_cobblestone":4,"minecraft:pumpkin_seeds":48,"minecraft:stone_axe":3,"minecraft:diamond":15,"minecraft:spruce_boat":10,"minecraft:iron_helmet":2,"minecraft:granite":37,"minecraft:spruce_sign":9,"minecraft:emerald":117,"minecraft:black_wool":1,"minecraft:bricks":1,"minecraft:coal":403,"minecraft:diamond_pickaxe":1},"minecraft:killed":{"minecraft:witch":2,"minecraft:spider":9,"minecraft:skeleton":14,"minecraft:chicken":11,"minecraft:drowned":1,"minecraft:pig":10,"minecraft:zombie_villager":1,"minecraft:salmon":4,"minecraft:creeper":1,"minecraft:sheep":10,"minecraft:zombie":45,"minecraft:cow":18}},"DataVersion":3953}