{"stats":{"minecraft:killed_by":{"minecraft:player":1,"minecraft:creeper":1},"minecraft:dropped":{"minecraft:gravel":14,"minecraft:cobblestone":17,"minecraft:flint":1,"minecraft:dirt":191,"minecraft:spruce_log":31},"minecraft:used":{"minecraft:wheat_seeds":2,"minecraft:water_bucket":4,"minecraft:iron_shovel":86,"minecraft:oak_sign":1,"minecraft:chest":7,"minecraft:shield":4,"minecraft:iron_sword":44,"minecraft:spruce_sign":2,"minecraft:sugar_cane":5,"minecraft:torch":97,"minecraft:dirt":97,"minecraft:sand":10,"minecraft:crafting_table":1,"minecraft:carrot":51,"minecraft:lava_bucket":2,"minecraft:diamond_pickaxe":1075,"minecraft:iron_axe":344,"minecraft:diamond_sword":37,"minecraft:cobblestone":29,"minecraft:bow":76,"minecraft:furnace":1,"minecraft:bucket":6,"minecraft:cooked_beef":14,"minecraft:cobbled_deepslate":16},"minecraft:crafted":{"minecraft:cooked_beef":49,"minecraft:oak_planks":16,"minecraft:diamond_sword":1,"minecraft:oak_sign":3,"minecraft:emerald":89,"minecraft:spruce_sign":3,"minecraft:crafting_table":1,"minecraft:spruce_planks":1400,"minecraft:iron_sword":1,"minecraft:furnace":1,"minecraft:enchanted_book":1,"minecraft:air":0,"minecraft:diamond_helmet":1,"minecraft:diamond_leggings":1,"minecraft:book":1,"minecraft:paper":48,"minecraft:shield":2,"minecraft:iron_axe":1,"minecraft:stick":2840,"minecraft:iron_ingot":1,"minecraft:iron_pickaxe":1,"minecraft:iron_shovel":1,"minecraft:torch":104,"minecraft:diamond_chestplate":1},"minecraft:custom":{"minecraft:interact_with_furnace":30,"minecraft:interact_with_anvil":1,"minecraft:mob_kills":27,"minecraft:traded_with_villager":93,"minecraft:interact_with_crafting_table":17,"minecraft:leave_game":3,"minecraft:time_since_death":153426,"minecraft:sleep_in_bed":3,"minecraft:time_since_rest":34953,"minecraft:sprint_one_cm":408906,"minecraft:damage_taken":1919,"minecraft:walk_one_cm":734513,"minecraft:damage_blocked_by_shield":105,"minecraft:drop":11,"minecraft:damage_dealt":2456,"minecraft:swim_one_cm":16042,"minecraft:talked_to_villager":16,"minecraft:fly_one_cm":62439,"minecraft:open_chest":164,"minecraft:play_time":187006,"minecraft:sneak_time":145,"minecraft:deaths":2,"minecraft:walk_under_water_one_cm":42645,"minecraft:jump":1652,"minecraft:walk_on_water_one_cm":63242,"minecraft:total_world_time":187006,"minecraft:fall_one_cm":14742},"minecraft:picked_up":{"minecraft:crafting_table":2,"minecraft:iron_chestplate":1,"minecraft:wheat":2,"minecraft:water_bucket":1,"minecraft:andesite":8,"minecraft:leather":2,"minecraft:diamond_sword":1,"minecraft:flint":2,"minecraft:tuff":2,"minecraft:oak_log":4,"minecraft:yellow_bed":2,"minecraft:golden_boots":1,"minecraft:shield":1,"minecraft:gunpowder":3,"minecraft:blue_bed":5,"minecraft:lapis_lazuli":45,"minecraft:dirt":156,"minecraft:stone_stairs":60,"minecraft:raw_copper":426,"minecraft:iron_axe":1,"minecraft:iron_leggings":1,"minecraft:iron_shovel":1,"minecraft:bone":6,"minecraft:bow":1,"minecraft:wheat_seeds":8,"minecraft:cobbled_deepslate":18,"minecraft:raw_gold":12,"minecraft:spruce_planks":20,"minecraft:beef":2,"minecraft:gray_bed":9,"minecraft:sugar_cane":530,"minecraft:chest":12,"minecraft:iron_sword":2,"minecraft:oak_planks":6,"minecraft:furnace":2,"minecraft:stick":38,"minecraft:raw_iron":130,"minecraft:pumpkin":19,"minecraft:torch":89,"minecraft:gravel":15,"minecraft:sand":10,"minecraft:white_bed":6,"minecraft:spruce_sapling":1,"minecraft:diorite":25,"minecraft:spruce_log":463,"minecraft:carrot":151,"minecraft:redstone":17,"minecraft:arrow":7,"minecraft:rotten_flesh":10,"minecraft:diamond_boots":2,"minecraft:iron_helmet":1,"minecraft:granite":66,"minecraft:sunflower":1,"minecraft:coal":240,"minecraft:soul_campfire":9,"minecraft:cobblestone":536,"minecraft:diamond_pickaxe":2},"minecraft:killed":{"minecraft:spider":1,"minecraft:bat":1,"minecraft:creeper":4,"minecraft:skeleton":6,"minecraft:zombie":11,"minecraft:chicken":1,"minecraft:drowned":1,"minecraft:enderman":1,"minecraft:cow":1},"minecraft:mined":{"minecraft:podzol":2,"minecraft:deepslate_redstone_ore":3,"minecraft:tuff":2,"minecraft:crafting_table":1,"minecraft:torch":2,"minecraft:glow_lichen":1,"minecraft:granite":68,"minecraft:short_grass":11,"minecraft:grass_block":11,"minecraft:copper_ore":67,"minecraft:spruce_leaves":8,"minecraft:lapis_ore":4,"minecraft:deepslate_gold_ore":12,"minecraft:sugar_cane":291,"minecraft:diorite":26,"minecraft:wall_torch":1,"minecraft:redstone_ore":1,"minecraft:furnace":1,"minecraft:carrots":35,"minecraft:iron_ore":77,"minecraft:wheat":2,"minecraft:cobbled_deepslate":1,"minecraft:spruce_log":335,"minecraft:birch_leaves":6,"minecraft:andesite":8,"minecraft:pumpkin":19,"minecraft:deepslate_lapis_ore":3,"minecraft:oak_log":4,"minecraft:coal_ore":165,"minecraft:deepslate_iron_ore":53,"minecraft:gravel":15,"minecraft:sand":11,"minecraft:dirt":53,"minecraft:stone":567,"minecraft:oak_leaves":2,"minecraft:deepslate":16}},"DataVersion":3953}