{"stats":{"minecraft:used":{"minecraft:water_bucket":1,"minecraft:iron_shovel":22,"minecraft:shield":3,"minecraft:iron_sword":42,"minecraft:torch":43,"minecraft:crafting_table":1,"minecraft:carrot":12,"minecraft:diamond_pickaxe":377,"minecraft:iron_axe":29,"minecraft:diamond_sword":5,"minecraft:cobblestone":25,"minecraft:furnace":1,"minecraft:bucket":1},"minecraft:picked_up":{"minecraft:crafting_table":2,"minecraft:iron_chestplate":1,"minecraft:water_bucket":1,"minecraft:diamond_sword":1,"minecraft:oak_log":4,"minecraft:shield":1,"minecraft:dirt":42,"minecraft:raw_copper":426,"minecraft:iron_axe":1,"minecraft:iron_leggings":1,"minecraft:iron_shovel":1,"minecraft:iron_sword":2,"minecraft:oak_planks":6,"minecraft:furnace":2,"minecraft:raw_iron":25,"minecraft:stick":10,"minecraft:torch":66,"minecraft:gravel":1,"minecraft:diorite":4,"minecraft:spruce_log":31,"minecraft:carrot":22,"minecraft:arrow":4,"minecraft:rotten_flesh":2,"minecraft:diamond_boots":2,"minecraft:iron_helmet":1,"minecraft:granite":12,"minecraft:coal":177,"minecraft:cobblestone":302,"minecraft:diamond_pickaxe":2},"minecraft:mined":{"minecraft:podzol":2,"minecraft:crafting_table":1,"minecraft:glow_lichen":1,"minecraft:granite":6,"minecraft:short_grass":1,"minecraft:grass_block":5,"minecraft:copper_ore":63,"minecraft:diorite":2,"minecraft:furnace":1,"minecraft:iron_ore":25,"minecraft:spruce_log":28,"minecraft:birch_leaves":6,"minecraft:coal_ore":102,"minecraft:oak_log":4,"minecraft:dirt":14,"minecraft:stone":177,"minecraft:oak_leaves":2},"minecraft:dropped":{"minecraft:spruce_log":31},"minecraft:killed_by":{"minecraft:player":1,"minecraft:creeper":1},"minecraft:custom":{"minecraft:interact_with_furnace":2,"minecraft:mob_kills":4,"minecraft:interact_with_crafting_table":10,"minecraft:leave_game":1,"minecraft:time_since_death":13512,"minecraft:time_since_rest":13894,"minecraft:sprint_one_cm":71838,"minecraft:damage_taken":1018,"minecraft:walk_one_cm":204408,"minecraft:damage_blocked_by_shield":60,"minecraft:drop":2,"minecraft:damage_dealt":1141,"minecraft:swim_one_cm":2230,"minecraft:fly_one_cm":15602,"minecraft:open_chest":40,"minecraft:play_time":47092,"minecraft:deaths":2,"minecraft:walk_under_water_one_cm":5159,"minecraft:jump":542,"minecraft:walk_on_water_one_cm":4950,"minecraft:total_world_time":47092,"minecraft:fall_one_cm":5243},"minecraft:killed":{"minecraft:skeleton":1,"minecraft:zombie":2,"minecraft:enderman":1},"minecraft:crafted":{"minecraft:oak_planks":16,"minecraft:crafting_table":1,"minecraft:iron_sword":1,"minecraft:furnace":1,"minecraft:air":0,"minecraft:shield":2,"minecraft:iron_ingot":1,"minecraft:iron_pickaxe":1,"minecraft:iron_shovel":1,"minecraft:torch":104}},"DataVersion":3953}