{"stats":{"minecraft:used":{"minecraft:water_bucket":1,"minecraft:iron_shovel":32,"minecraft:oak_sign":1,"minecraft:shield":3,"minecraft:iron_sword":44,"minecraft:torch":43,"minecraft:dirt":38,"minecraft:sand":10,"minecraft:crafting_table":1,"minecraft:carrot":16,"minecraft:diamond_pickaxe":377,"minecraft:iron_axe":252,"minecraft:diamond_sword":5,"minecraft:cobblestone":25,"minecraft:furnace":1,"minecraft:bucket":1,"minecraft:cooked_beef":2},"minecraft:picked_up":{"minecraft:crafting_table":2,"minecraft:iron_chestplate":1,"minecraft:water_bucket":1,"minecraft:leather":2,"minecraft:diamond_sword":1,"minecraft:oak_log":4,"minecraft:shield":1,"minecraft:dirt":48,"minecraft:raw_copper":426,"minecraft:iron_axe":1,"minecraft:iron_leggings":1,"minecraft:iron_shovel":1,"minecraft:wheat_seeds":2,"minecraft:spruce_planks":20,"minecraft:beef":2,"minecraft:sugar_cane":253,"minecraft:iron_sword":2,"minecraft:oak_planks":6,"minecraft:furnace":2,"minecraft:raw_iron":25,"minecraft:stick":38,"minecraft:pumpkin":10,"minecraft:torch":66,"minecraft:gravel":1,"minecraft:sand":10,"minecraft:spruce_sapling":1,"minecraft:diorite":4,"minecraft:spruce_log":381,"minecraft:carrot":22,"minecraft:arrow":4,"minecraft:rotten_flesh":2,"minecraft:diamond_boots":2,"minecraft:iron_helmet":1,"minecraft:granite":12,"minecraft:coal":177,"minecraft:cobblestone":302,"minecraft:diamond_pickaxe":2},"minecraft:mined":{"minecraft:podzol":2,"minecraft:crafting_table":1,"minecraft:glow_lichen":1,"minecraft:granite":6,"minecraft:short_grass":10,"minecraft:grass_block":7,"minecraft:copper_ore":63,"minecraft:spruce_leaves":8,"minecraft:sugar_cane":149,"minecraft:diorite":2,"minecraft:furnace":1,"minecraft:iron_ore":25,"minecraft:spruce_log":243,"minecraft:birch_leaves":6,"minecraft:pumpkin":10,"minecraft:coal_ore":102,"minecraft:oak_log":4,"minecraft:sand":11,"minecraft:dirt":16,"minecraft:stone":177,"minecraft:oak_leaves":2},"minecraft:dropped":{"minecraft:spruce_log":31},"minecraft:killed_by":{"minecraft:player":1,"minecraft:creeper":1},"minecraft:custom":{"minecraft:interact_with_furnace":7,"minecraft:mob_kills":5,"minecraft:traded_with_villager":93,"minecraft:interact_with_crafting_table":13,"minecraft:leave_game":1,"minecraft:time_since_death":61512,"minecraft:sleep_in_bed":1,"minecraft:time_since_rest":45842,"minecraft:sprint_one_cm":195799,"minecraft:damage_taken":1062,"minecraft:walk_one_cm":366431,"minecraft:damage_blocked_by_shield":60,"minecraft:drop":2,"minecraft:damage_dealt":1231,"minecraft:talked_to_villager":16,"minecraft:swim_one_cm":4303,"minecraft:fly_one_cm":33343,"minecraft:open_chest":76,"minecraft:play_time":95092,"minecraft:sneak_time":43,"minecraft:deaths":2,"minecraft:walk_under_water_one_cm":14977,"minecraft:jump":763,"minecraft:walk_on_water_one_cm":13592,"minecraft:total_world_time":95092,"minecraft:fall_one_cm":8435},"minecraft:killed":{"minecraft:skeleton":1,"minecraft:zombie":2,"minecraft:cow":1,"minecraft:enderman":1},"minecraft:crafted":{"minecraft:oak_planks":16,"minecraft:oak_sign":3,"minecraft:emerald":89,"minecraft:crafting_table":1,"minecraft:spruce_planks":1400,"minecraft:iron_sword":1,"minecraft:furnace":1,"minecraft:enchanted_book":1,"minecraft:air":0,"minecraft:book":1,"minecraft:diamond_helmet":1,"minecraft:diamond_leggings":1,"minecraft:paper":48,"minecraft:shield":2,"minecraft:stick":2840,"minecraft:iron_ingot":1,"minecraft:iron_pickaxe":1,"minecraft:iron_shovel":1,"minecraft:torch":104,"minecraft:diamond_chestplate":1}},"DataVersion":3953}