{"stats":{"minecraft:killed_by":{"minecraft:player":1,"minecraft:creeper":1},"minecraft:dropped":{"minecraft:spruce_log":31},"minecraft:crafted":{"minecraft:oak_planks":16,"minecraft:diamond_sword":1,"minecraft:oak_sign":3,"minecraft:emerald":89,"minecraft:crafting_table":1,"minecraft:spruce_planks":1400,"minecraft:iron_sword":1,"minecraft:furnace":1,"minecraft:enchanted_book":1,"minecraft:air":0,"minecraft:diamond_helmet":1,"minecraft:diamond_leggings":1,"minecraft:book":1,"minecraft:paper":48,"minecraft:shield":2,"minecraft:stick":2840,"minecraft:iron_ingot":1,"minecraft:iron_pickaxe":1,"minecraft:iron_shovel":1,"minecraft:torch":104,"minecraft:diamond_chestplate":1},"minecraft:used":{"minecraft:wheat_seeds":2,"minecraft:water_bucket":3,"minecraft:iron_shovel":43,"minecraft:oak_sign":1,"minecraft:shield":3,"minecraft:iron_sword":44,"minecraft:spruce_sign":1,"minecraft:sugar_cane":5,"minecraft:torch":80,"minecraft:dirt":38,"minecraft:sand":10,"minecraft:crafting_table":1,"minecraft:carrot":20,"minecraft:lava_bucket":2,"minecraft:diamond_pickaxe":540,"minecraft:iron_axe":252,"minecraft:diamond_sword":33,"minecraft:cobblestone":25,"minecraft:bow":56,"minecraft:furnace":1,"minecraft:bucket":5,"minecraft:cooked_beef":12,"minecraft:cobbled_deepslate":16},"minecraft:custom":{"minecraft:interact_with_furnace":16,"minecraft:interact_with_anvil":1,"minecraft:mob_kills":20,"minecraft:traded_with_villager":93,"minecraft:interact_with_crafting_table":15,"minecraft:leave_game":3,"minecraft:time_since_death":112266,"minecraft:sleep_in_bed":2,"minecraft:time_since_rest":45293,"minecraft:sprint_one_cm":308204,"minecraft:damage_taken":1864,"minecraft:walk_one_cm":584425,"minecraft:damage_blocked_by_shield":60,"minecraft:drop":2,"minecraft:damage_dealt":2216,"minecraft:swim_one_cm":15143,"minecraft:talked_to_villager":16,"minecraft:fly_one_cm":51702,"minecraft:open_chest":119,"minecraft:play_time":145846,"minecraft:sneak_time":74,"minecraft:deaths":2,"minecraft:walk_under_water_one_cm":28848,"minecraft:jump":1281,"minecraft:walk_on_water_one_cm":52049,"minecraft:total_world_time":145846,"minecraft:fall_one_cm":13780},"minecraft:picked_up":{"minecraft:crafting_table":2,"minecraft:iron_chestplate":1,"minecraft:wheat":2,"minecraft:water_bucket":1,"minecraft:andesite":6,"minecraft:leather":2,"minecraft:diamond_sword":1,"minecraft:tuff":2,"minecraft:oak_log":4,"minecraft:shield":1,"minecraft:gunpowder":1,"minecraft:lapis_lazuli":45,"minecraft:dirt":58,"minecraft:raw_copper":426,"minecraft:iron_axe":1,"minecraft:iron_leggings":1,"minecraft:iron_shovel":1,"minecraft:bone":4,"minecraft:bow":1,"minecraft:wheat_seeds":8,"minecraft:cobbled_deepslate":18,"minecraft:raw_gold":12,"minecraft:spruce_planks":20,"minecraft:beef":2,"minecraft:sugar_cane":530,"minecraft:iron_sword":2,"minecraft:oak_planks":6,"minecraft:furnace":2,"minecraft:stick":38,"minecraft:raw_iron":111,"minecraft:pumpkin":19,"minecraft:torch":87,"minecraft:gravel":1,"minecraft:sand":10,"minecraft:spruce_sapling":1,"minecraft:diorite":7,"minecraft:spruce_log":381,"minecraft:carrot":38,"minecraft:redstone":17,"minecraft:arrow":5,"minecraft:rotten_flesh":6,"minecraft:diamond_boots":2,"minecraft:iron_helmet":1,"minecraft:granite":18,"minecraft:coal":179,"minecraft:cobblestone":322,"minecraft:diamond_pickaxe":2},"minecraft:killed":{"minecraft:bat":1,"minecraft:creeper":2,"minecraft:skeleton":5,"minecraft:zombie":9,"minecraft:drowned":1,"minecraft:enderman":1,"minecraft:cow":1},"minecraft:mined":{"minecraft:podzol":2,"minecraft:deepslate_redstone_ore":3,"minecraft:tuff":2,"minecraft:torch":1,"minecraft:crafting_table":1,"minecraft:glow_lichen":1,"minecraft:granite":12,"minecraft:short_grass":11,"minecraft:grass_block":7,"minecraft:copper_ore":63,"minecraft:spruce_leaves":8,"minecraft:lapis_ore":4,"minecraft:deepslate_gold_ore":12,"minecraft:sugar_cane":291,"minecraft:diorite":8,"minecraft:wall_torch":1,"minecraft:redstone_ore":1,"minecraft:furnace":1,"minecraft:carrots":4,"minecraft:iron_ore":58,"minecraft:wheat":2,"minecraft:cobbled_deepslate":1,"minecraft:spruce_log":243,"minecraft:birch_leaves":6,"minecraft:andesite":2,"minecraft:pumpkin":19,"minecraft:deepslate_lapis_ore":3,"minecraft:oak_log":4,"minecraft:coal_ore":104,"minecraft:deepslate_iron_ore":53,"minecraft:sand":11,"minecraft:dirt":27,"minecraft:stone":196,"minecraft:oak_leaves":2,"minecraft:deepslate":16}},"DataVersion":3953}