{"stats":{"minecraft:custom":{"minecraft:interact_with_anvil":1,"minecraft:mob_kills":35,"minecraft:interact_with_crafting_table":22,"minecraft:leave_game":10,"minecraft:time_since_death":24013,"minecraft:climb_one_cm":4352,"minecraft:sprint_one_cm":1046458,"minecraft:damage_blocked_by_shield":105,"minecraft:walk_one_cm":1607371,"minecraft:drop":19,"minecraft:talked_to_villager":62,"minecraft:play_time":405380,"minecraft:sneak_time":398,"minecraft:deaths":5,"minecraft:walk_under_water_one_cm":77762,"minecraft:boat_one_cm":52895,"minecraft:jump":3105,"minecraft:walk_on_water_one_cm":100525,"minecraft:total_world_time":405380,"minecraft:interact_with_furnace":65,"minecraft:traded_with_villager":206,"minecraft:interact_with_stonecutter":1,"minecraft:sleep_in_bed":5,"minecraft:time_since_rest":18788,"minecraft:damage_taken":3693,"minecraft:damage_dealt":3220,"minecraft:swim_one_cm":40945,"minecraft:fly_one_cm":168084,"minecraft:open_chest":305,"minecraft:crouch_one_cm":52,"minecraft:fall_one_cm":43148},"minecraft:crafted":{"minecraft:brick":28,"minecraft:oak_planks":348,"minecraft:cobblestone_slab":6,"minecraft:oak_sign":3,"minecraft:furnace":1,"minecraft:cobblestone_stairs":128,"minecraft:diamond_shovel":1,"minecraft:glass":29,"minecraft:diamond_helmet":1,"minecraft:diamond_leggings":1,"minecraft:iron_axe":1,"minecraft:golden_helmet":1,"minecraft:cooked_beef":49,"minecraft:diamond_sword":1,"minecraft:emerald":198,"minecraft:spruce_sign":3,"minecraft:diamond_axe":1,"minecraft:crafting_table":2,"minecraft:spruce_planks":1852,"minecraft:iron_sword":1,"minecraft:enchanted_book":1,"minecraft:air":0,"minecraft:book":1,"minecraft:paper":48,"minecraft:diamond_pickaxe":2,"minecraft:shield":3,"minecraft:stick":4788,"minecraft:iron_ingot":1,"minecraft:iron_pickaxe":1,"minecraft:iron_shovel":1,"minecraft:torch":160,"minecraft:diamond_chestplate":1},"minecraft:mined":{"minecraft:tuff":2,"minecraft:spruce_planks":1,"minecraft:farmland":1,"minecraft:mossy_cobblestone":18,"minecraft:oak_door":2,"minecraft:cobblestone_stairs":14,"minecraft:glow_lichen":1,"minecraft:ladder":5,"minecraft:granite":72,"minecraft:grass_block":83,"minecraft:oak_pressure_plate":1,"minecraft:spruce_leaves":13,"minecraft:weeping_vines_plant":1,"minecraft:redstone_ore":1,"minecraft:oak_trapdoor":2,"minecraft:spruce_sapling":1,"minecraft:furnace":1,"minecraft:carrots":71,"minecraft:iron_ore":115,"minecraft:cobbled_deepslate":4,"minecraft:andesite":10,"minecraft:pumpkin":19,"minecraft:deepslate_lapis_ore":3,"minecraft:dirt_path":26,"minecraft:deepslate_iron_ore":53,"minecraft:cobblestone_slab":4,"minecraft:oak_stairs":208,"minecraft:stripped_oak_log":16,"minecraft:stone":1629,"minecraft:podzol":2,"minecraft:deepslate_redstone_ore":3,"minecraft:oak_slab":3,"minecraft:glass_pane":23,"minecraft:dandelion":1,"minecraft:clay":54,"minecraft:oak_fence":12,"minecraft:crafting_table":2,"minecraft:torch":2,"minecraft:short_grass":28,"minecraft:nether_quartz_ore":94,"minecraft:copper_ore":72,"minecraft:cobblestone":263,"minecraft:lapis_ore":4,"minecraft:deepslate_gold_ore":12,"minecraft:sugar_cane":299,"minecraft:oak_planks":174,"minecraft:diorite":36,"minecraft:wall_torch":8,"minecraft:seagrass":1,"minecraft:white_terracotta":47,"minecraft:nether_wart_block":7,"minecraft:wheat":2,"minecraft:spruce_log":457,"minecraft:birch_leaves":6,"minecraft:stripped_oak_wood":1,"minecraft:oak_log":106,"minecraft:coal_ore":314,"minecraft:sunflower":3,"minecraft:gravel":56,"minecraft:sand":238,"minecraft:dirt":161,"minecraft:terracotta":2,"minecraft:netherrack":735,"minecraft:deepslate":16,"minecraft:oak_leaves":5},"minecraft:picked_up":{"minecraft:crafting_table":3,"minecraft:iron_chestplate":1,"minecraft:wheat":2,"minecraft:ladder":6,"minecraft:clay_ball":192,"minecraft:diamond_sword":4,"minecraft:oak_stairs":194,"minecraft:shield":1,"minecraft:oak_trapdoor":2,"minecraft:raw_copper":443,"minecraft:stone_stairs":60,"minecraft:iron_axe":1,"minecraft:flint_and_steel":1,"minecraft:iron_leggings":1,"minecraft:iron_shovel":1,"minecraft:diamond_leggings":2,"minecraft:cobbled_deepslate":21,"minecraft:spruce_planks":21,"minecraft:beef":2,"minecraft:cobblestone_slab":4,"minecraft:sugar_cane":542,"minecraft:chest":12,"minecraft:furnace":2,"minecraft:stick":44,"minecraft:raw_iron":168,"minecraft:oak_door":3,"minecraft:oak_fence":12,"minecraft:torch":269,"minecraft:diorite":35,"minecraft:carrot":291,"minecraft:redstone":17,"minecraft:diamond_chestplate":2,"minecraft:weeping_vines":1,"minecraft:arrow":14,"minecraft:rotten_flesh":10,"minecraft:diamond_boots":5,"minecraft:white_terracotta":47,"minecraft:soul_campfire":9,"minecraft:cobblestone":1792,"minecraft:stripped_oak_log":13,"minecraft:cooked_beef":89,"minecraft:water_bucket":4,"minecraft:andesite":10,"minecraft:leather":2,"minecraft:flint":8,"minecraft:tuff":2,"minecraft:oak_log":98,"minecraft:yellow_bed":2,"minecraft:golden_boots":2,"minecraft:nether_wart_block":5,"minecraft:gunpowder":7,"minecraft:cobblestone_stairs":16,"minecraft:lapis_lazuli":45,"minecraft:dirt":392,"minecraft:blue_bed":5,"minecraft:bone":6,"minecraft:bow":4,"minecraft:wheat_seeds":11,"minecraft:raw_gold":12,"minecraft:stripped_oak_wood":1,"minecraft:diamond_helmet":2,"minecraft:gray_bed":9,"minecraft:iron_sword":2,"minecraft:oak_planks":203,"minecraft:oak_slab":2,"minecraft:pumpkin":19,"minecraft:quartz":97,"minecraft:dandelion":1,"minecraft:oak_pressure_plate":4,"minecraft:gravel":47,"minecraft:sand":232,"minecraft:spruce_sapling":11,"minecraft:white_bed":6,"minecraft:spruce_log":595,"minecraft:mossy_cobblestone":18,"minecraft:iron_helmet":1,"minecraft:granite":70,"minecraft:diamond_axe":4,"minecraft:terracotta":2,"minecraft:netherrack":606,"minecraft:coal":388,"minecraft:diamond_pickaxe":5,"minecraft:sunflower":6},"minecraft:broken":{"minecraft:iron_shovel":1,"minecraft:diamond_pickaxe":2,"minecraft:iron_axe":1},"minecraft:killed_by":{"minecraft:player":1,"minecraft:creeper":1,"minecraft:enderman":1,"minecraft:piglin":1,"minecraft:hoglin":1},"minecraft:dropped":{"minecraft:iron_ingot":128,"minecraft:diamond_axe":1,"minecraft:cobblestone":17,"minecraft:flint":1,"minecraft:dirt":192,"minecraft:gravel":14,"minecraft:spruce_log":31,"minecraft:quartz":97,"minecraft:brick":28},"minecraft:killed":{"minecraft:spider":1,"minecraft:skeleton":6,"minecraft:chicken":1,"minecraft:drowned":2,"minecraft:piglin":2,"minecraft:bat":1,"minecraft:creeper":8,"minecraft:zombie":11,"minecraft:cow":1,"minecraft:enderman":1},"minecraft:used":{"minecraft:iron_shovel":252,"minecraft:flint_and_steel":1,"minecraft:oak_sign":1,"minecraft:chest":7,"minecraft:shield":4,"minecraft:iron_sword":44,"minecraft:netherrack":58,"minecraft:torch":132,"minecraft:dirt":221,"minecraft:carrot":88,"minecraft:spruce_boat":1,"minecraft:lava_bucket":2,"minecraft:iron_axe":502,"minecraft:bow":96,"minecraft:furnace":1,"minecraft:cooked_beef":34,"minecraft:cobbled_deepslate":16,"minecraft:wheat_seeds":2,"minecraft:water_bucket":5,"minecraft:cobblestone_stairs":53,"minecraft:oak_planks":1,"minecraft:cobblestone_slab":7,"minecraft:sugar_cane":6,"minecraft:diamond_axe":509,"minecraft:spruce_sign":2,"minecraft:sand":10,"minecraft:crafting_table":2,"minecraft:spruce_log":24,"minecraft:diamond_pickaxe":3551,"minecraft:diamond_shovel":390,"minecraft:spruce_sapling":61,"minecraft:diamond_sword":67,"minecraft:cobblestone":90,"minecraft:bucket":7}},"DataVersion":3953}