{"stats":{"minecraft:custom":{"minecraft:mob_kills":28,"minecraft:interact_with_anvil":1,"minecraft:interact_with_crafting_table":19,"minecraft:leave_game":7,"minecraft:time_since_death":288335,"minecraft:climb_one_cm":4012,"minecraft:sprint_one_cm":749827,"minecraft:walk_one_cm":1250684,"minecraft:damage_blocked_by_shield":105,"minecraft:drop":13,"minecraft:talked_to_villager":58,"minecraft:play_time":321915,"minecraft:deaths":2,"minecraft:sneak_time":176,"minecraft:walk_under_water_one_cm":42824,"minecraft:boat_one_cm":52895,"minecraft:jump":2483,"minecraft:walk_on_water_one_cm":72326,"minecraft:total_world_time":321915,"minecraft:interact_with_furnace":42,"minecraft:traded_with_villager":168,"minecraft:interact_with_stonecutter":1,"minecraft:sleep_in_bed":4,"minecraft:time_since_rest":130243,"minecraft:damage_taken":2487,"minecraft:damage_dealt":2598,"minecraft:swim_one_cm":16042,"minecraft:fly_one_cm":114115,"minecraft:open_chest":236,"minecraft:crouch_one_cm":52,"minecraft:fall_one_cm":30244},"minecraft:crafted":{"minecraft:oak_planks":348,"minecraft:cobblestone_slab":6,"minecraft:oak_sign":3,"minecraft:furnace":1,"minecraft:cobblestone_stairs":128,"minecraft:diamond_shovel":1,"minecraft:diamond_helmet":1,"minecraft:diamond_leggings":1,"minecraft:iron_axe":1,"minecraft:cooked_beef":49,"minecraft:diamond_sword":1,"minecraft:emerald":161,"minecraft:spruce_sign":3,"minecraft:diamond_axe":1,"minecraft:crafting_table":2,"minecraft:spruce_planks":1852,"minecraft:iron_sword":1,"minecraft:enchanted_book":1,"minecraft:air":0,"minecraft:book":1,"minecraft:paper":48,"minecraft:diamond_pickaxe":1,"minecraft:shield":2,"minecraft:stick":4788,"minecraft:iron_ingot":1,"minecraft:iron_pickaxe":1,"minecraft:iron_shovel":1,"minecraft:torch":160,"minecraft:diamond_chestplate":1},"minecraft:mined":{"minecraft:tuff":2,"minecraft:farmland":1,"minecraft:mossy_cobblestone":18,"minecraft:oak_door":2,"minecraft:cobblestone_stairs":14,"minecraft:glow_lichen":1,"minecraft:ladder":5,"minecraft:granite":72,"minecraft:grass_block":82,"minecraft:oak_pressure_plate":1,"minecraft:spruce_leaves":13,"minecraft:oak_trapdoor":2,"minecraft:redstone_ore":1,"minecraft:spruce_sapling":1,"minecraft:furnace":1,"minecraft:carrots":71,"minecraft:iron_ore":115,"minecraft:cobbled_deepslate":4,"minecraft:andesite":10,"minecraft:pumpkin":19,"minecraft:deepslate_lapis_ore":3,"minecraft:deepslate_iron_ore":53,"minecraft:cobblestone_slab":4,"minecraft:dirt_path":2,"minecraft:oak_stairs":208,"minecraft:stripped_oak_log":16,"minecraft:stone":1232,"minecraft:podzol":2,"minecraft:deepslate_redstone_ore":3,"minecraft:oak_slab":3,"minecraft:glass_pane":22,"minecraft:dandelion":1,"minecraft:clay":4,"minecraft:oak_fence":12,"minecraft:crafting_table":2,"minecraft:torch":2,"minecraft:short_grass":28,"minecraft:cobblestone":263,"minecraft:copper_ore":70,"minecraft:lapis_ore":4,"minecraft:deepslate_gold_ore":12,"minecraft:oak_planks":174,"minecraft:sugar_cane":293,"minecraft:diorite":36,"minecraft:wall_torch":7,"minecraft:white_terracotta":47,"minecraft:wheat":2,"minecraft:spruce_log":457,"minecraft:birch_leaves":6,"minecraft:stripped_oak_wood":1,"minecraft:oak_log":106,"minecraft:coal_ore":292,"minecraft:sunflower":3,"minecraft:gravel":54,"minecraft:sand":11,"minecraft:dirt":113,"minecraft:terracotta":2,"minecraft:netherrack":2,"minecraft:oak_leaves":5,"minecraft:deepslate":16},"minecraft:picked_up":{"minecraft:crafting_table":3,"minecraft:iron_chestplate":1,"minecraft:wheat":2,"minecraft:ladder":6,"minecraft:clay_ball":16,"minecraft:diamond_sword":1,"minecraft:oak_stairs":194,"minecraft:shield":1,"minecraft:oak_trapdoor":2,"minecraft:raw_copper":436,"minecraft:stone_stairs":60,"minecraft:iron_axe":1,"minecraft:iron_leggings":1,"minecraft:iron_shovel":1,"minecraft:cobbled_deepslate":21,"minecraft:spruce_planks":20,"minecraft:beef":2,"minecraft:cobblestone_slab":4,"minecraft:sugar_cane":533,"minecraft:chest":12,"minecraft:furnace":2,"minecraft:stick":44,"minecraft:raw_iron":168,"minecraft:oak_door":3,"minecraft:oak_fence":12,"minecraft:torch":118,"minecraft:diorite":35,"minecraft:carrot":291,"minecraft:redstone":17,"minecraft:rotten_flesh":10,"minecraft:arrow":7,"minecraft:diamond_boots":2,"minecraft:white_terracotta":47,"minecraft:soul_campfire":9,"minecraft:cobblestone":1429,"minecraft:stripped_oak_log":13,"minecraft:water_bucket":1,"minecraft:andesite":10,"minecraft:leather":2,"minecraft:flint":8,"minecraft:tuff":2,"minecraft:oak_log":98,"minecraft:golden_boots":1,"minecraft:yellow_bed":2,"minecraft:gunpowder":3,"minecraft:cobblestone_stairs":16,"minecraft:lapis_lazuli":45,"minecraft:blue_bed":5,"minecraft:dirt":303,"minecraft:bone":6,"minecraft:bow":1,"minecraft:wheat_seeds":11,"minecraft:raw_gold":12,"minecraft:stripped_oak_wood":1,"minecraft:gray_bed":9,"minecraft:oak_planks":201,"minecraft:iron_sword":2,"minecraft:oak_slab":2,"minecraft:pumpkin":19,"minecraft:dandelion":1,"minecraft:oak_pressure_plate":4,"minecraft:gravel":46,"minecraft:sand":10,"minecraft:spruce_sapling":11,"minecraft:white_bed":6,"minecraft:spruce_log":595,"minecraft:mossy_cobblestone":18,"minecraft:iron_helmet":1,"minecraft:granite":70,"minecraft:terracotta":2,"minecraft:netherrack":2,"minecraft:coal":367,"minecraft:diamond_pickaxe":2,"minecraft:sunflower":6},"minecraft:broken":{"minecraft:iron_shovel":1,"minecraft:diamond_pickaxe":1,"minecraft:iron_axe":1},"minecraft:killed_by":{"minecraft:player":1,"minecraft:creeper":1},"minecraft:dropped":{"minecraft:iron_ingot":128,"minecraft:cobblestone":17,"minecraft:flint":1,"minecraft:dirt":191,"minecraft:gravel":14,"minecraft:spruce_log":31},"minecraft:killed":{"minecraft:spider":1,"minecraft:skeleton":6,"minecraft:chicken":1,"minecraft:drowned":1,"minecraft:bat":1,"minecraft:creeper":5,"minecraft:zombie":11,"minecraft:cow":1,"minecraft:enderman":1},"minecraft:used":{"minecraft:iron_shovel":252,"minecraft:oak_sign":1,"minecraft:chest":7,"minecraft:shield":4,"minecraft:iron_sword":44,"minecraft:torch":132,"minecraft:dirt":163,"minecraft:carrot":88,"minecraft:lava_bucket":2,"minecraft:iron_axe":502,"minecraft:bow":83,"minecraft:furnace":1,"minecraft:cooked_beef":24,"minecraft:cobbled_deepslate":16,"minecraft:wheat_seeds":2,"minecraft:water_bucket":5,"minecraft:cobblestone_stairs":53,"minecraft:spruce_sign":2,"minecraft:diamond_axe":508,"minecraft:cobblestone_slab":7,"minecraft:sugar_cane":5,"minecraft:sand":10,"minecraft:crafting_table":2,"minecraft:spruce_log":24,"minecraft:diamond_pickaxe":2302,"minecraft:diamond_shovel":41,"minecraft:spruce_sapling":61,"minecraft:diamond_sword":39,"minecraft:cobblestone":65,"minecraft:bucket":7}},"DataVersion":3953}