{"stats":{"minecraft:killed_by":{"minecraft:player":1,"minecraft:creeper":1},"minecraft:dropped":{"minecraft:gravel":14,"minecraft:cobblestone":17,"minecraft:flint":1,"minecraft:dirt":191,"minecraft:spruce_log":31},"minecraft:used":{"minecraft:wheat_seeds":2,"minecraft:water_bucket":5,"minecraft:iron_shovel":88,"minecraft:oak_sign":1,"minecraft:chest":7,"minecraft:iron_sword":44,"minecraft:shield":4,"minecraft:sugar_cane":5,"minecraft:spruce_sign":2,"minecraft:torch":127,"minecraft:dirt":97,"minecraft:sand":10,"minecraft:crafting_table":1,"minecraft:carrot":51,"minecraft:spruce_log":24,"minecraft:diamond_pickaxe":1331,"minecraft:lava_bucket":2,"minecraft:iron_axe":475,"minecraft:spruce_sapling":61,"minecraft:diamond_sword":37,"minecraft:cobblestone":61,"minecraft:bow":82,"minecraft:furnace":1,"minecraft:bucket":7,"minecraft:cooked_beef":18,"minecraft:cobbled_deepslate":16},"minecraft:custom":{"minecraft:interact_with_furnace":42,"minecraft:interact_with_anvil":1,"minecraft:mob_kills":28,"minecraft:traded_with_villager":122,"minecraft:interact_with_crafting_table":17,"minecraft:interact_with_stonecutter":1,"minecraft:leave_game":4,"minecraft:time_since_death":191552,"minecraft:sleep_in_bed":4,"minecraft:time_since_rest":33460,"minecraft:sprint_one_cm":514807,"minecraft:damage_taken":2121,"minecraft:walk_one_cm":905047,"minecraft:damage_blocked_by_shield":105,"minecraft:drop":11,"minecraft:damage_dealt":2458,"minecraft:swim_one_cm":16042,"minecraft:talked_to_villager":25,"minecraft:fly_one_cm":73694,"minecraft:open_chest":203,"minecraft:play_time":225132,"minecraft:sneak_time":145,"minecraft:deaths":2,"minecraft:walk_under_water_one_cm":42795,"minecraft:boat_one_cm":1200,"minecraft:jump":1958,"minecraft:walk_on_water_one_cm":65290,"minecraft:total_world_time":225132,"minecraft:fall_one_cm":19092},"minecraft:mined":{"minecraft:podzol":2,"minecraft:deepslate_redstone_ore":3,"minecraft:tuff":2,"minecraft:short_grass":11,"minecraft:glow_lichen":1,"minecraft:crafting_table":1,"minecraft:torch":2,"minecraft:granite":70,"minecraft:grass_block":12,"minecraft:copper_ore":67,"minecraft:spruce_leaves":13,"minecraft:deepslate_gold_ore":12,"minecraft:lapis_ore":4,"minecraft:sugar_cane":291,"minecraft:diorite":36,"minecraft:wall_torch":1,"minecraft:redstone_ore":1,"minecraft:spruce_sapling":1,"minecraft:furnace":1,"minecraft:carrots":35,"minecraft:iron_ore":114,"minecraft:cobbled_deepslate":1,"minecraft:wheat":2,"minecraft:spruce_log":457,"minecraft:birch_leaves":6,"minecraft:andesite":10,"minecraft:pumpkin":19,"minecraft:deepslate_lapis_ore":3,"minecraft:coal_ore":292,"minecraft:oak_log":5,"minecraft:deepslate_iron_ore":53,"minecraft:gravel":15,"minecraft:sand":11,"minecraft:dirt":56,"minecraft:stone":644,"minecraft:oak_leaves":5,"minecraft:deepslate":16},"minecraft:picked_up":{"minecraft:crafting_table":2,"minecraft:iron_chestplate":1,"minecraft:wheat":2,"minecraft:water_bucket":1,"minecraft:andesite":10,"minecraft:leather":2,"minecraft:diamond_sword":1,"minecraft:flint":2,"minecraft:tuff":2,"minecraft:oak_log":5,"minecraft:yellow_bed":2,"minecraft:golden_boots":1,"minecraft:shield":1,"minecraft:gunpowder":3,"minecraft:lapis_lazuli":45,"minecraft:dirt":159,"minecraft:blue_bed":5,"minecraft:stone_stairs":60,"minecraft:raw_copper":426,"minecraft:iron_axe":1,"minecraft:iron_leggings":1,"minecraft:iron_shovel":1,"minecraft:bone":6,"minecraft:bow":1,"minecraft:wheat_seeds":8,"minecraft:cobbled_deepslate":18,"minecraft:raw_gold":12,"minecraft:spruce_planks":20,"minecraft:beef":2,"minecraft:gray_bed":9,"minecraft:sugar_cane":530,"minecraft:chest":12,"minecraft:iron_sword":2,"minecraft:oak_planks":6,"minecraft:furnace":2,"minecraft:stick":44,"minecraft:raw_iron":167,"minecraft:pumpkin":19,"minecraft:torch":89,"minecraft:gravel":15,"minecraft:sand":10,"minecraft:spruce_sapling":11,"minecraft:white_bed":6,"minecraft:diorite":35,"minecraft:spruce_log":595,"minecraft:carrot":151,"minecraft:redstone":17,"minecraft:arrow":7,"minecraft:rotten_flesh":10,"minecraft:diamond_boots":2,"minecraft:iron_helmet":1,"minecraft:granite":68,"minecraft:sunflower":2,"minecraft:coal":367,"minecraft:soul_campfire":9,"minecraft:cobblestone":613,"minecraft:diamond_pickaxe":2},"minecraft:crafted":{"minecraft:cooked_beef":49,"minecraft:oak_planks":16,"minecraft:diamond_sword":1,"minecraft:oak_sign":3,"minecraft:emerald":117,"minecraft:spruce_sign":3,"minecraft:crafting_table":1,"minecraft:spruce_planks":1852,"minecraft:iron_sword":1,"minecraft:furnace":1,"minecraft:enchanted_book":1,"minecraft:air":0,"minecraft:diamond_helmet":1,"minecraft:diamond_leggings":1,"minecraft:book":1,"minecraft:paper":48,"minecraft:diamond_pickaxe":1,"minecraft:shield":2,"minecraft:iron_axe":1,"minecraft:stick":3744,"minecraft:iron_ingot":1,"minecraft:iron_pickaxe":1,"minecraft:iron_shovel":1,"minecraft:torch":160,"minecraft:diamond_chestplate":1},"minecraft:killed":{"minecraft:spider":1,"minecraft:bat":1,"minecraft:creeper":5,"minecraft:skeleton":6,"minecraft:zombie":11,"minecraft:chicken":1,"minecraft:drowned":1,"minecraft:enderman":1,"minecraft:cow":1}},"DataVersion":3953}