{"stats":{"minecraft:broken":{"minecraft:stone_pickaxe":1,"minecraft:iron_axe":4,"minecraft:iron_pickaxe":1,"minecraft:wooden_axe":1,"minecraft:stone_shovel":1},"minecraft:mined":{"minecraft:spruce_planks":3,"minecraft:farmland":2,"minecraft:glow_lichen":3,"minecraft:granite":5,"minecraft:spruce_fence":9,"minecraft:grass_block":132,"minecraft:spruce_leaves":12,"minecraft:composter":1,"minecraft:oxeye_daisy":6,"minecraft:hay_block":10,"minecraft:tall_seagrass":1,"minecraft:redstone_ore":7,"minecraft:spruce_sapling":7,"minecraft:furnace":5,"minecraft:carrots":246,"minecraft:iron_ore":17,"minecraft:cobbled_deepslate":2,"minecraft:andesite":30,"minecraft:pumpkin":28,"minecraft:deepslate_lapis_ore":5,"minecraft:azure_bluet":3,"minecraft:potatoes":94,"minecraft:dirt_path":17,"minecraft:deepslate_iron_ore":50,"minecraft:stone":160,"minecraft:podzol":10,"minecraft:deepslate_redstone_ore":7,"minecraft:kelp_plant":11,"minecraft:dandelion":13,"minecraft:powder_snow":1,"minecraft:oak_fence":21,"minecraft:cornflower":3,"minecraft:crafting_table":12,"minecraft:torch":2,"minecraft:short_grass":109,"minecraft:poppy":5,"minecraft:chest":2,"minecraft:copper_ore":4,"minecraft:tall_grass":17,"minecraft:cobblestone":56,"minecraft:deepslate_gold_ore":14,"minecraft:lapis_ore":7,"minecraft:oak_planks":14,"minecraft:sugar_cane":43,"minecraft:diorite":20,"minecraft:wall_torch":4,"minecraft:birch_log":25,"minecraft:wheat":325,"minecraft:spruce_log":433,"minecraft:birch_leaves":10,"minecraft:oak_log":96,"minecraft:coal_ore":136,"minecraft:beetroots":5,"minecraft:oak_fence_gate":1,"minecraft:gravel":4,"minecraft:sunflower":35,"minecraft:dirt":99,"minecraft:cobweb":2,"minecraft:oak_leaves":39,"minecraft:deepslate":45},"minecraft:killed_by":{"minecraft:creeper":1,"minecraft:skeleton":1,"minecraft:zombie":1},"minecraft:custom":{"minecraft:mob_kills":171,"minecraft:animals_bred":38,"minecraft:interact_with_crafting_table":56,"minecraft:bell_ring":85,"minecraft:leave_game":7,"minecraft:time_since_death":310180,"minecraft:sprint_one_cm":891922,"minecraft:walk_one_cm":1311829,"minecraft:damage_blocked_by_shield":915,"minecraft:drop":132,"minecraft:talked_to_villager":34,"minecraft:play_time":379409,"minecraft:sneak_time":6164,"minecraft:deaths":3,"minecraft:walk_under_water_one_cm":44949,"minecraft:jump":6457,"minecraft:walk_on_water_one_cm":68063,"minecraft:total_world_time":379409,"minecraft:interact_with_furnace":122,"minecraft:traded_with_villager":88,"minecraft:sleep_in_bed":11,"minecraft:time_since_rest":30238,"minecraft:damage_taken":3483,"minecraft:damage_dealt":17599,"minecraft:swim_one_cm":29477,"minecraft:fly_one_cm":1223666,"minecraft:open_chest":201,"minecraft:crouch_one_cm":12340,"minecraft:fall_one_cm":181531,"minecraft:horse_one_cm":39823},"minecraft:used":{"minecraft:oak_fence":91,"minecraft:stone_sword":61,"minecraft:stone_shovel":145,"minecraft:oak_sign":3,"minecraft:spruce_planks":1,"minecraft:chest":6,"minecraft:shield":27,"minecraft:rotten_flesh":6,"minecraft:stone_hoe":90,"minecraft:torch":66,"minecraft:dirt":307,"minecraft:mutton":4,"minecraft:carrot":255,"minecraft:spruce_fence":33,"minecraft:granite":3,"minecraft:wooden_axe":58,"minecraft:lava_bucket":2,"minecraft:iron_axe":874,"minecraft:bow":58,"minecraft:hay_block":10,"minecraft:oak_sapling":2,"minecraft:furnace":7,"minecraft:beetroot_seeds":3,"minecraft:egg":14,"minecraft:potato":95,"minecraft:cobbled_deepslate":2,"minecraft:iron_leggings":1,"minecraft:wheat_seeds":328,"minecraft:cooked_mutton":50,"minecraft:water_bucket":8,"minecraft:diorite":10,"minecraft:stone_pickaxe":284,"minecraft:oak_planks":21,"minecraft:wooden_pickaxe":24,"minecraft:diamond_axe":10,"minecraft:sugar_cane":45,"minecraft:crafting_table":9,"minecraft:spider_eye":2,"minecraft:white_bed":1,"minecraft:spruce_log":11,"minecraft:pumpkin_seeds":12,"minecraft:oak_log":6,"minecraft:wooden_hoe":15,"minecraft:apple":1,"minecraft:diamond_shovel":80,"minecraft:sunflower":33,"minecraft:iron_pickaxe":279,"minecraft:spruce_sapling":16,"minecraft:stone_axe":27,"minecraft:wooden_sword":7,"minecraft:cobblestone":91,"minecraft:cooked_porkchop":7,"minecraft:andesite":3,"minecraft:bucket":10,"minecraft:dandelion":10,"minecraft:kelp":4,"minecraft:bone_meal":82},"minecraft:crafted":{"minecraft:wooden_sword":1,"minecraft:oak_planks":362,"minecraft:stone_shovel":1,"minecraft:oak_sign":3,"minecraft:spruce_button":20,"minecraft:cooked_chicken":32,"minecraft:furnace":5,"minecraft:bone_meal":99,"minecraft:spruce_fence":24,"minecraft:cooked_mutton":61,"minecraft:diamond_helmet":1,"minecraft:iron_axe":2,"minecraft:stone_pickaxe":4,"minecraft:chest":4,"minecraft:stone_hoe":1,"minecraft:oak_fence":84,"minecraft:cooked_beef":46,"minecraft:emerald":86,"minecraft:cooked_porkchop":44,"minecraft:crafting_table":3,"minecraft:spruce_planks":1412,"minecraft:wooden_pickaxe":3,"minecraft:birch_planks":98,"minecraft:pumpkin_seeds":48,"minecraft:stone_axe":3,"minecraft:bread":1,"minecraft:air":0,"minecraft:wooden_hoe":2,"minecraft:iron_chestplate":1,"minecraft:stick":2952,"minecraft:iron_ingot":49,"minecraft:iron_pickaxe":2,"minecraft:wooden_axe":3,"minecraft:stone_sword":1,"minecraft:white_bed":1,"minecraft:torch":96,"minecraft:diamond_chestplate":1},"minecraft:dropped":{"minecraft:stone_hoe":1,"minecraft:iron_ingot":83,"minecraft:bread":1,"minecraft:iron_sword":1,"minecraft:wheat_seeds":2,"minecraft:oak_fence":1,"minecraft:cobblestone":74,"minecraft:leather":13,"minecraft:saddle":1,"minecraft:coal":61,"minecraft:emerald":38,"minecraft:stick":1,"minecraft:brown_wool":1,"minecraft:iron_leggings":1,"minecraft:iron_axe":1,"minecraft:iron_pickaxe":1,"minecraft:spruce_sapling":12,"minecraft:bone":10,"minecraft:furnace":2,"minecraft:stone_axe":1,"minecraft:cooked_chicken":11,"minecraft:stone_sword":1,"minecraft:stone_shovel":1,"minecraft:light_gray_wool":1,"minecraft:oak_planks":17,"minecraft:cooked_mutton":3,"minecraft:oak_fence_gate":2,"minecraft:shield":1,"minecraft:trident":1,"minecraft:iron_chestplate":1,"minecraft:spruce_log":219,"minecraft:arrow":16},"minecraft:picked_up":{"minecraft:crafting_table":12,"minecraft:iron_chestplate":2,"minecraft:wheat":78,"minecraft:azure_bluet":3,"minecraft:chicken":32,"minecraft:diamond_sword":1,"minecraft:shield":3,"minecraft:cornflower":2,"minecraft:string":12,"minecraft:raw_copper":47,"minecraft:iron_axe":2,"minecraft:iron_leggings":3,"minecraft:oak_sign":1,"minecraft:beetroot":1,"minecraft:diamond_leggings":1,"minecraft:cobbled_deepslate":49,"minecraft:bucket":1,"minecraft:spruce_planks":4,"minecraft:beef":46,"minecraft:poppy":4,"minecraft:iron_pickaxe":1,"minecraft:light_gray_wool":3,"minecraft:sugar_cane":111,"minecraft:chest":2,"minecraft:furnace":7,"minecraft:iron_boots":1,"minecraft:egg":12,"minecraft:stick":29,"minecraft:raw_iron":67,"minecraft:oak_fence":21,"minecraft:copper_ingot":1,"minecraft:composter":1,"minecraft:torch":24,"minecraft:spruce_fence":9,"minecraft:porkchop":36,"minecraft:redstone":114,"minecraft:diorite":13,"minecraft:trident":1,"minecraft:carrot":374,"minecraft:stone_shovel":1,"minecraft:arrow":13,"minecraft:rotten_flesh":25,"minecraft:beetroot_seeds":6,"minecraft:diamond_boots":1,"minecraft:hay_block":10,"minecraft:saddle":1,"minecraft:mutton":80,"minecraft:cobblestone":347,"minecraft:white_wool":44,"minecraft:oxeye_daisy":6,"minecraft:birch_log":25,"minecraft:feather":40,"minecraft:andesite":18,"minecraft:brown_wool":2,"minecraft:leather":28,"minecraft:potato":159,"minecraft:flint":2,"minecraft:tuff":22,"minecraft:oak_log":96,"minecraft:gunpowder":20,"minecraft:lapis_lazuli":129,"minecraft:dirt":314,"minecraft:cooked_mutton":10,"minecraft:bone":14,"minecraft:apple":1,"minecraft:kelp":4,"minecraft:wheat_seeds":478,"minecraft:raw_gold":49,"minecraft:iron_ingot":88,"minecraft:oak_fence_gate":2,"minecraft:glowstone_dust":2,"minecraft:iron_sword":1,"minecraft:oak_planks":16,"minecraft:pumpkin":19,"minecraft:dandelion":14,"minecraft:poisonous_potato":1,"minecraft:spruce_sapling":33,"minecraft:spruce_log":583,"minecraft:spider_eye":2,"minecraft:diamond_shovel":1,"minecraft:pumpkin_seeds":51,"minecraft:sugar":2,"minecraft:diamond":21,"minecraft:stone_axe":1,"minecraft:iron_helmet":1,"minecraft:diamond_axe":1,"minecraft:granite":5,"minecraft:gray_wool":1,"minecraft:emerald":17,"minecraft:oak_sapling":7,"minecraft:black_wool":3,"minecraft:coal":218,"minecraft:diamond_pickaxe":1,"minecraft:sunflower":33},"minecraft:killed":{"minecraft:spider":8,"minecraft:skeleton":11,"minecraft:horse":1,"minecraft:chicken":32,"minecraft:drowned":3,"minecraft:pig":16,"minecraft:zombie_villager":1,"minecraft:creeper":1,"minecraft:sheep":53,"minecraft:zombie":18,"minecraft:cow":24}},"DataVersion":3953}