{"stats":{"minecraft:killed_by":{"minecraft:creeper":1,"minecraft:zombie":1,"minecraft:skeleton":1},"minecraft:dropped":{"minecraft:iron_sword":1,"minecraft:diamond_axe":2,"minecraft:cooked_beef":9,"minecraft:crafting_table":1,"minecraft:cooked_porkchop":1,"minecraft:leather":13,"minecraft:saddle":1,"minecraft:emerald":72,"minecraft:dirt":76,"minecraft:sand":2,"minecraft:iron_pickaxe":1,"minecraft:blue_bed":1,"minecraft:gold_ingot":32,"minecraft:bone":10,"minecraft:stone_axe":1,"minecraft:sugar_cane":223,"minecraft:cooked_chicken":22,"minecraft:wheat":33,"minecraft:rotten_flesh":2,"minecraft:oak_planks":21,"minecraft:diamond_shovel":1,"minecraft:cooked_mutton":3,"minecraft:white_bed":3,"minecraft:oak_fence_gate":2,"minecraft:trident":1,"minecraft:spruce_slab":2,"minecraft:arrow":16,"minecraft:glass":688,"minecraft:stone_hoe":2,"minecraft:iron_ingot":83,"minecraft:bread":1,"minecraft:wheat_seeds":5,"minecraft:oak_fence":2,"minecraft:cobblestone":77,"minecraft:lead":1,"minecraft:yellow_carpet":1,"minecraft:coal":61,"minecraft:stick":1,"minecraft:torch":19,"minecraft:wooden_hoe":1,"minecraft:brown_wool":1,"minecraft:iron_leggings":1,"minecraft:iron_axe":2,"minecraft:bucket":1,"minecraft:spruce_sapling":24,"minecraft:redstone":64,"minecraft:polished_diorite":1,"minecraft:furnace":2,"minecraft:oak_trapdoor":1,"minecraft:stone_sword":1,"minecraft:stone_shovel":1,"minecraft:composter":2,"minecraft:light_gray_wool":1,"minecraft:diamond_sword":2,"minecraft:spruce_boat":3,"minecraft:shield":2,"minecraft:iron_chestplate":1,"minecraft:diamond_pickaxe":2,"minecraft:yellow_bed":1,"minecraft:oak_boat":3,"minecraft:spruce_log":243},"minecraft:used":{"minecraft:spruce_slab":36,"minecraft:oak_sign":6,"minecraft:poppy":8,"minecraft:chest":14,"minecraft:shield":29,"minecraft:stone":11,"minecraft:rotten_flesh":8,"minecraft:mutton":4,"minecraft:lily_of_the_valley":1,"minecraft:carrot":625,"minecraft:azure_bluet":5,"minecraft:spruce_boat":10,"minecraft:glass":50,"minecraft:lava_bucket":2,"minecraft:bricks":1,"minecraft:bow":191,"minecraft:hay_block":10,"minecraft:oak_sapling":3,"minecraft:furnace":10,"minecraft:beetroot_seeds":3,"minecraft:egg":15,"minecraft:potato":325,"minecraft:diorite":10,"minecraft:stone_pickaxe":284,"minecraft:oak_planks":92,"minecraft:wooden_pickaxe":24,"minecraft:blue_bed":1,"minecraft:diamond_axe":671,"minecraft:sugar_cane":98,"minecraft:sand":2,"minecraft:pumpkin_seeds":12,"minecraft:wooden_sword":7,"minecraft:diamond_sword":280,"minecraft:smithing_table":1,"minecraft:andesite":3,"minecraft:oak_boat":8,"minecraft:bone_meal":158,"minecraft:oak_fence":97,"minecraft:trident":4,"minecraft:enchanting_table":2,"minecraft:stone_sword":61,"minecraft:stone_shovel":145,"minecraft:spruce_planks":112,"minecraft:cooked_chicken":5,"minecraft:stone_hoe":152,"minecraft:netherrack":4,"minecraft:torch":163,"minecraft:dirt":2116,"minecraft:anvil":1,"minecraft:yellow_carpet":6,"minecraft:granite":3,"minecraft:spruce_fence":180,"minecraft:wooden_axe":58,"minecraft:bookshelf":21,"minecraft:iron_axe":1210,"minecraft:oak_stairs":38,"minecraft:cooked_beef":12,"minecraft:cobbled_deepslate":6,"minecraft:iron_leggings":1,"minecraft:wheat_seeds":782,"minecraft:cooked_mutton":50,"minecraft:water_bucket":30,"minecraft:spruce_sign":7,"minecraft:oak_slab":31,"minecraft:crafting_table":9,"minecraft:spider_eye":2,"minecraft:white_bed":3,"minecraft:spruce_log":33,"minecraft:oak_log":6,"minecraft:wooden_hoe":40,"minecraft:cornflower":4,"minecraft:diamond_pickaxe":1101,"minecraft:apple":1,"minecraft:oxeye_daisy":12,"minecraft:diamond_shovel":2746,"minecraft:sunflower":44,"minecraft:iron_pickaxe":480,"minecraft:spruce_sapling":61,"minecraft:stone_axe":27,"minecraft:cobblestone":177,"minecraft:cooked_porkchop":71,"minecraft:bucket":32,"minecraft:glass_pane":1,"minecraft:yellow_bed":3,"minecraft:kelp":4,"minecraft:dandelion":18},"minecraft:crafted":{"minecraft:oak_planks":422,"minecraft:oak_sign":3,"minecraft:cooked_chicken":32,"minecraft:diamond_shovel":1,"minecraft:bookshelf":20,"minecraft:cooked_mutton":61,"minecraft:glass":780,"minecraft:diamond_helmet":1,"minecraft:chest":6,"minecraft:stone_hoe":3,"minecraft:oak_fence":84,"minecraft:oak_slab":18,"minecraft:emerald":206,"minecraft:cooked_porkchop":176,"minecraft:crafting_table":3,"minecraft:spruce_planks":3718,"minecraft:wooden_pickaxe":3,"minecraft:birch_planks":98,"minecraft:pumpkin_seeds":48,"minecraft:wooden_hoe":2,"minecraft:iron_chestplate":1,"minecraft:book":63,"minecraft:paper":192,"minecraft:diamond_pickaxe":1,"minecraft:stick":6836,"minecraft:iron_ingot":73,"minecraft:iron_pickaxe":2,"minecraft:stone_sword":1,"minecraft:wooden_sword":1,"minecraft:stone_shovel":1,"minecraft:spruce_button":20,"minecraft:furnace":7,"minecraft:bone_meal":186,"minecraft:spruce_fence":153,"minecraft:glass_pane":16,"minecraft:iron_axe":2,"minecraft:spruce_slab":33,"minecraft:stone_pickaxe":4,"minecraft:spruce_boat":2,"minecraft:cooked_beef":124,"minecraft:spruce_sign":6,"minecraft:bucket":1,"minecraft:stone_axe":3,"minecraft:enchanted_book":2,"minecraft:bread":1,"minecraft:air":0,"minecraft:oak_boat":3,"minecraft:wooden_axe":3,"minecraft:white_bed":5,"minecraft:torch":184,"minecraft:diamond_chestplate":1},"minecraft:custom":{"minecraft:animals_bred":339,"minecraft:interact_with_crafting_table":103,"minecraft:bell_ring":140,"minecraft:leave_game":22,"minecraft:time_since_death":915830,"minecraft:sprint_one_cm":2344364,"minecraft:damage_blocked_by_shield":1095,"minecraft:drop":255,"minecraft:talked_to_villager":100,"minecraft:play_time":985059,"minecraft:deaths":3,"minecraft:jump":13633,"minecraft:walk_on_water_one_cm":172264,"minecraft:interact_with_furnace":268,"minecraft:traded_with_villager":211,"minecraft:sleep_in_bed":46,"minecraft:damage_dealt":31981,"minecraft:player_kills":1,"minecraft:crouch_one_cm":96896,"minecraft:horse_one_cm":39823,"minecraft:mob_kills":364,"minecraft:interact_with_anvil":4,"minecraft:climb_one_cm":98,"minecraft:walk_one_cm":3138541,"minecraft:sneak_time":33105,"minecraft:walk_under_water_one_cm":148907,"minecraft:boat_one_cm":246444,"minecraft:total_world_time":985059,"minecraft:interact_with_stonecutter":1,"minecraft:time_since_rest":9268,"minecraft:damage_taken":7809,"minecraft:swim_one_cm":68076,"minecraft:fly_one_cm":2845460,"minecraft:open_chest":820,"minecraft:fall_one_cm":362129},"minecraft:picked_up":{"minecraft:iron_chestplate":2,"minecraft:wheat":382,"minecraft:anvil":1,"minecraft:smithing_table":1,"minecraft:lead":1,"minecraft:diamond_sword":3,"minecraft:oak_stairs":142,"minecraft:string":15,"minecraft:raw_copper":50,"minecraft:iron_leggings":3,"minecraft:oak_sign":2,"minecraft:beetroot":1,"minecraft:diamond_leggings":1,"minecraft:cobbled_deepslate":93,"minecraft:bucket":1,"minecraft:spruce_planks":78,"minecraft:iron_pickaxe":1,"minecraft:furnace":8,"minecraft:iron_boots":1,"minecraft:stick":282,"minecraft:composter":1,"minecraft:oak_fence":33,"minecraft:torch":33,"minecraft:porkchop":199,"minecraft:diorite":16,"minecraft:rotten_flesh":38,"minecraft:cobblestone":1271,"minecraft:birch_log":25,"minecraft:enchanting_table":2,"minecraft:feather":40,"minecraft:cooked_beef":1,"minecraft:andesite":19,"minecraft:brown_wool":2,"minecraft:golden_leggings":1,"minecraft:potato":928,"minecraft:flint":3,"minecraft:tuff":22,"minecraft:lapis_lazuli":206,"minecraft:dirt":4349,"minecraft:bone":24,"minecraft:bow":3,"minecraft:wheat_seeds":2075,"minecraft:raw_gold":63,"minecraft:glowstone_dust":2,"minecraft:oak_planks":138,"minecraft:cooked_porkchop":1,"minecraft:oak_pressure_plate":1,"minecraft:poisonous_potato":7,"minecraft:sand":351,"minecraft:ink_sac":1,"minecraft:grass_block":1,"minecraft:lily_of_the_valley":1,"minecraft:mossy_cobblestone":14,"minecraft:sugar":2,"minecraft:yellow_carpet":7,"minecraft:diamond":21,"minecraft:spruce_boat":11,"minecraft:granite":5,"minecraft:spruce_sign":2,"minecraft:emerald":51,"minecraft:oak_sapling":11,"minecraft:netherrack":4,"minecraft:bricks":1,"minecraft:diamond_pickaxe":3,"minecraft:crafting_table":13,"minecraft:azure_bluet":5,"minecraft:chicken":32,"minecraft:shield":4,"minecraft:cornflower":4,"minecraft:oak_trapdoor":1,"minecraft:iron_axe":3,"minecraft:beef":216,"minecraft:oak_boat":7,"minecraft:poppy":9,"minecraft:spruce_slab":2,"minecraft:light_gray_wool":3,"minecraft:sugar_cane":495,"minecraft:chest":8,"minecraft:egg":13,"minecraft:raw_iron":185,"minecraft:stone":332,"minecraft:oak_door":2,"minecraft:copper_ingot":2,"minecraft:spruce_fence":47,"minecraft:trident":1,"minecraft:carrot":1389,"minecraft:redstone":156,"minecraft:arrow":106,"minecraft:stone_shovel":1,"minecraft:beetroot_seeds":6,"minecraft:diamond_boots":1,"minecraft:hay_block":10,"minecraft:saddle":1,"minecraft:mutton":80,"minecraft:white_wool":44,"minecraft:oxeye_daisy":12,"minecraft:stripped_oak_log":13,"minecraft:leather":124,"minecraft:crimson_fungus":1,"minecraft:oak_log":106,"minecraft:yellow_bed":6,"minecraft:gunpowder":22,"minecraft:cobblestone_stairs":3,"minecraft:wooden_hoe":1,"minecraft:blue_bed":3,"minecraft:paper":9,"minecraft:cooked_mutton":10,"minecraft:apple":1,"minecraft:kelp":4,"minecraft:oak_fence_gate":4,"minecraft:iron_ingot":93,"minecraft:cooked_chicken":11,"minecraft:iron_sword":1,"minecraft:oak_slab":16,"minecraft:warped_fungus":1,"minecraft:pumpkin":57,"minecraft:quartz":1,"minecraft:dandelion":18,"minecraft:gravel":28,"minecraft:spruce_sapling":148,"minecraft:white_bed":4,"minecraft:spruce_log":1148,"minecraft:spider_eye":3,"minecraft:diamond_shovel":1,"minecraft:pumpkin_seeds":51,"minecraft:polished_diorite":20,"minecraft:stone_axe":1,"minecraft:iron_helmet":1,"minecraft:diamond_axe":3,"minecraft:gray_wool":1,"minecraft:black_wool":3,"minecraft:coal":278,"minecraft:sunflower":44},"minecraft:broken":{"minecraft:stone_pickaxe":1,"minecraft:wooden_axe":1,"minecraft:stone_shovel":1,"minecraft:stone_hoe":1,"minecraft:iron_axe":4,"minecraft:iron_pickaxe":1},"minecraft:killed":{"minecraft:zombified_piglin":1,"minecraft:spider":11,"minecraft:skeleton":20,"minecraft:chicken":32,"minecraft:pig":98,"minecraft:zombie_villager":1,"minecraft:iron_golem":1,"minecraft:creeper":5,"minecraft:sheep":53,"minecraft:trader_llama":2,"minecraft:zombie":24,"minecraft:cow":103,"minecraft:horse":1,"minecraft:drowned":5,"minecraft:bat":1,"minecraft:villager":1},"minecraft:mined":{"minecraft:spruce_planks":81,"minecraft:white_bed":4,"minecraft:farmland":4,"minecraft:cobblestone_stairs":2,"minecraft:granite":5,"minecraft:grass_block":471,"minecraft:yellow_carpet":6,"minecraft:polished_diorite":18,"minecraft:composter":1,"minecraft:oxeye_daisy":12,"minecraft:tall_seagrass":2,"minecraft:iron_ore":74,"minecraft:cobbled_deepslate":23,"minecraft:pumpkin":67,"minecraft:deepslate_lapis_ore":16,"minecraft:anvil":1,"minecraft:azure_bluet":5,"minecraft:enchanting_table":2,"minecraft:oak_sign":1,"minecraft:dirt_path":227,"minecraft:oak_stairs":141,"minecraft:spruce_slab":2,"minecraft:deepslate_redstone_ore":20,"minecraft:kelp_plant":11,"minecraft:powder_snow":1,"minecraft:torch":3,"minecraft:blast_furnace":1,"minecraft:poppy":9,"minecraft:chest":8,"minecraft:spruce_wall_sign":2,"minecraft:glass":3,"minecraft:nether_quartz_ore":1,"minecraft:cobblestone":128,"minecraft:sugar_cane":225,"minecraft:oak_planks":136,"minecraft:bricks":1,"minecraft:wall_torch":7,"minecraft:seagrass":7,"minecraft:birch_log":25,"minecraft:wheat":746,"minecraft:oak_log":110,"minecraft:beetroots":5,"minecraft:oak_fence_gate":3,"minecraft:sand":345,"minecraft:dirt":1277,"minecraft:netherrack":4,"minecraft:oak_leaves":39,"minecraft:deepslate":70,"minecraft:mossy_cobblestone":6,"minecraft:oak_door":1,"minecraft:glow_lichen":3,"minecraft:spruce_fence":44,"minecraft:spruce_leaves":24,"minecraft:hay_block":10,"minecraft:redstone_ore":7,"minecraft:oak_trapdoor":1,"minecraft:spruce_sapling":7,"minecraft:furnace":6,"minecraft:carrots":596,"minecraft:andesite":31,"minecraft:potatoes":283,"minecraft:deepslate_iron_ore":113,"minecraft:stripped_oak_log":13,"minecraft:stone":1073,"minecraft:podzol":458,"minecraft:smithing_table":1,"minecraft:oak_slab":10,"minecraft:glass_pane":5,"minecraft:dandelion":17,"minecraft:oak_fence":35,"minecraft:crafting_table":13,"minecraft:cornflower":5,"minecraft:short_grass":239,"minecraft:tall_grass":27,"minecraft:copper_ore":5,"minecraft:lapis_ore":8,"minecraft:deepslate_gold_ore":23,"minecraft:diorite":21,"minecraft:blue_bed":3,"minecraft:spruce_log":874,"minecraft:birch_leaves":10,"minecraft:yellow_bed":6,"minecraft:coal_ore":198,"minecraft:sunflower":46,"minecraft:gravel":14,"minecraft:cobweb":2,"minecraft:gold_ore":5}},"DataVersion":3953}