{"stats":{"minecraft:broken":{"minecraft:stone_pickaxe":1,"minecraft:iron_axe":4,"minecraft:iron_pickaxe":1,"minecraft:wooden_axe":1,"minecraft:stone_shovel":1},"minecraft:mined":{"minecraft:spruce_planks":55,"minecraft:farmland":2,"minecraft:glow_lichen":3,"minecraft:granite":5,"minecraft:spruce_fence":17,"minecraft:grass_block":148,"minecraft:spruce_leaves":12,"minecraft:composter":1,"minecraft:oxeye_daisy":6,"minecraft:hay_block":10,"minecraft:tall_seagrass":1,"minecraft:redstone_ore":7,"minecraft:oak_trapdoor":1,"minecraft:spruce_sapling":7,"minecraft:furnace":5,"minecraft:carrots":260,"minecraft:iron_ore":17,"minecraft:cobbled_deepslate":2,"minecraft:andesite":30,"minecraft:pumpkin":38,"minecraft:deepslate_lapis_ore":5,"minecraft:azure_bluet":3,"minecraft:potatoes":94,"minecraft:dirt_path":68,"minecraft:deepslate_iron_ore":50,"minecraft:stone":160,"minecraft:smithing_table":1,"minecraft:podzol":10,"minecraft:deepslate_redstone_ore":7,"minecraft:kelp_plant":11,"minecraft:dandelion":13,"minecraft:powder_snow":1,"minecraft:oak_fence":24,"minecraft:cornflower":3,"minecraft:crafting_table":12,"minecraft:torch":3,"minecraft:short_grass":122,"minecraft:blast_furnace":1,"minecraft:poppy":5,"minecraft:chest":2,"minecraft:spruce_wall_sign":2,"minecraft:copper_ore":4,"minecraft:tall_grass":19,"minecraft:cobblestone":56,"minecraft:deepslate_gold_ore":14,"minecraft:lapis_ore":7,"minecraft:oak_planks":14,"minecraft:sugar_cane":60,"minecraft:diorite":20,"minecraft:wall_torch":4,"minecraft:birch_log":25,"minecraft:wheat":339,"minecraft:spruce_log":452,"minecraft:birch_leaves":10,"minecraft:oak_log":96,"minecraft:coal_ore":136,"minecraft:beetroots":5,"minecraft:oak_fence_gate":2,"minecraft:gravel":4,"minecraft:sunflower":35,"minecraft:dirt":195,"minecraft:cobweb":2,"minecraft:oak_leaves":39,"minecraft:deepslate":45},"minecraft:killed_by":{"minecraft:creeper":1,"minecraft:skeleton":1,"minecraft:zombie":1},"minecraft:custom":{"minecraft:mob_kills":176,"minecraft:animals_bred":41,"minecraft:interact_with_crafting_table":59,"minecraft:bell_ring":98,"minecraft:leave_game":7,"minecraft:time_since_death":370180,"minecraft:sprint_one_cm":964767,"minecraft:walk_one_cm":1481794,"minecraft:damage_blocked_by_shield":915,"minecraft:drop":159,"minecraft:talked_to_villager":64,"minecraft:play_time":439409,"minecraft:sneak_time":7596,"minecraft:deaths":3,"minecraft:walk_under_water_one_cm":45152,"minecraft:jump":7009,"minecraft:walk_on_water_one_cm":68784,"minecraft:total_world_time":439409,"minecraft:interact_with_furnace":127,"minecraft:traded_with_villager":88,"minecraft:sleep_in_bed":15,"minecraft:time_since_rest":454,"minecraft:damage_taken":3608,"minecraft:damage_dealt":18195,"minecraft:swim_one_cm":29477,"minecraft:fly_one_cm":1326567,"minecraft:open_chest":223,"minecraft:crouch_one_cm":15798,"minecraft:fall_one_cm":197001,"minecraft:horse_one_cm":39823},"minecraft:used":{"minecraft:oak_fence":91,"minecraft:stone_sword":61,"minecraft:stone_shovel":145,"minecraft:poppy":4,"minecraft:oak_sign":4,"minecraft:spruce_planks":62,"minecraft:chest":6,"minecraft:shield":27,"minecraft:rotten_flesh":6,"minecraft:stone_hoe":90,"minecraft:torch":73,"minecraft:dirt":412,"minecraft:mutton":4,"minecraft:carrot":269,"minecraft:azure_bluet":3,"minecraft:spruce_fence":41,"minecraft:granite":3,"minecraft:wooden_axe":58,"minecraft:lava_bucket":2,"minecraft:iron_axe":950,"minecraft:bow":69,"minecraft:hay_block":10,"minecraft:oak_sapling":2,"minecraft:furnace":7,"minecraft:beetroot_seeds":3,"minecraft:egg":14,"minecraft:cooked_beef":2,"minecraft:potato":95,"minecraft:cobbled_deepslate":2,"minecraft:iron_leggings":1,"minecraft:wheat_seeds":342,"minecraft:cooked_mutton":50,"minecraft:water_bucket":8,"minecraft:diorite":10,"minecraft:stone_pickaxe":284,"minecraft:oak_planks":21,"minecraft:spruce_sign":6,"minecraft:wooden_pickaxe":24,"minecraft:diamond_axe":45,"minecraft:sugar_cane":64,"minecraft:crafting_table":9,"minecraft:spider_eye":2,"minecraft:white_bed":1,"minecraft:spruce_log":11,"minecraft:pumpkin_seeds":12,"minecraft:oak_log":6,"minecraft:wooden_hoe":15,"minecraft:cornflower":2,"minecraft:apple":1,"minecraft:oxeye_daisy":6,"minecraft:diamond_shovel":242,"minecraft:sunflower":33,"minecraft:iron_pickaxe":280,"minecraft:spruce_sapling":16,"minecraft:stone_axe":27,"minecraft:diamond_sword":7,"minecraft:wooden_sword":7,"minecraft:cobblestone":92,"minecraft:smithing_table":1,"minecraft:cooked_porkchop":9,"minecraft:andesite":3,"minecraft:bucket":10,"minecraft:oak_boat":1,"minecraft:dandelion":14,"minecraft:kelp":4,"minecraft:bone_meal":82},"minecraft:crafted":{"minecraft:wooden_sword":1,"minecraft:oak_planks":366,"minecraft:stone_shovel":1,"minecraft:oak_sign":3,"minecraft:spruce_button":20,"minecraft:cooked_chicken":32,"minecraft:furnace":5,"minecraft:bone_meal":99,"minecraft:spruce_fence":24,"minecraft:cooked_mutton":61,"minecraft:diamond_helmet":1,"minecraft:iron_axe":2,"minecraft:stone_pickaxe":4,"minecraft:chest":4,"minecraft:stone_hoe":1,"minecraft:oak_fence":84,"minecraft:cooked_beef":54,"minecraft:emerald":86,"minecraft:spruce_sign":6,"minecraft:cooked_porkchop":44,"minecraft:crafting_table":3,"minecraft:spruce_planks":1480,"minecraft:wooden_pickaxe":3,"minecraft:birch_planks":98,"minecraft:pumpkin_seeds":48,"minecraft:stone_axe":3,"minecraft:bread":1,"minecraft:air":0,"minecraft:wooden_hoe":2,"minecraft:iron_chestplate":1,"minecraft:stick":2952,"minecraft:iron_ingot":49,"minecraft:iron_pickaxe":2,"minecraft:wooden_axe":3,"minecraft:stone_sword":1,"minecraft:white_bed":1,"minecraft:torch":96,"minecraft:diamond_chestplate":1},"minecraft:dropped":{"minecraft:stone_hoe":1,"minecraft:iron_ingot":83,"minecraft:bread":1,"minecraft:iron_sword":1,"minecraft:diamond_axe":1,"minecraft:wheat_seeds":2,"minecraft:cooked_beef":8,"minecraft:oak_fence":1,"minecraft:cobblestone":74,"minecraft:lead":1,"minecraft:leather":13,"minecraft:saddle":1,"minecraft:coal":61,"minecraft:emerald":56,"minecraft:stick":1,"minecraft:brown_wool":1,"minecraft:iron_leggings":1,"minecraft:iron_axe":1,"minecraft:iron_pickaxe":1,"minecraft:bucket":1,"minecraft:spruce_sapling":12,"minecraft:bone":10,"minecraft:furnace":2,"minecraft:stone_axe":1,"minecraft:oak_trapdoor":1,"minecraft:cooked_chicken":11,"minecraft:stone_sword":1,"minecraft:stone_shovel":1,"minecraft:light_gray_wool":1,"minecraft:oak_planks":21,"minecraft:cooked_mutton":3,"minecraft:oak_fence_gate":2,"minecraft:shield":1,"minecraft:trident":1,"minecraft:iron_chestplate":1,"minecraft:spruce_log":219,"minecraft:arrow":16},"minecraft:picked_up":{"minecraft:crafting_table":12,"minecraft:iron_chestplate":2,"minecraft:wheat":83,"minecraft:azure_bluet":3,"minecraft:chicken":32,"minecraft:smithing_table":1,"minecraft:lead":1,"minecraft:diamond_sword":1,"minecraft:shield":3,"minecraft:oak_trapdoor":1,"minecraft:cornflower":2,"minecraft:string":12,"minecraft:raw_copper":47,"minecraft:iron_axe":2,"minecraft:iron_leggings":3,"minecraft:oak_sign":1,"minecraft:beetroot":1,"minecraft:diamond_leggings":1,"minecraft:cobbled_deepslate":49,"minecraft:bucket":1,"minecraft:spruce_planks":53,"minecraft:beef":54,"minecraft:oak_boat":1,"minecraft:poppy":5,"minecraft:iron_pickaxe":1,"minecraft:light_gray_wool":3,"minecraft:sugar_cane":157,"minecraft:chest":2,"minecraft:furnace":7,"minecraft:iron_boots":1,"minecraft:egg":12,"minecraft:stick":29,"minecraft:raw_iron":67,"minecraft:oak_fence":24,"minecraft:copper_ingot":1,"minecraft:composter":1,"minecraft:torch":25,"minecraft:spruce_fence":17,"minecraft:porkchop":36,"minecraft:redstone":114,"minecraft:diorite":13,"minecraft:trident":1,"minecraft:carrot":401,"minecraft:stone_shovel":1,"minecraft:arrow":13,"minecraft:rotten_flesh":25,"minecraft:beetroot_seeds":6,"minecraft:diamond_boots":1,"minecraft:hay_block":10,"minecraft:saddle":1,"minecraft:mutton":80,"minecraft:cobblestone":350,"minecraft:white_wool":44,"minecraft:oxeye_daisy":6,"minecraft:birch_log":25,"minecraft:feather":40,"minecraft:andesite":18,"minecraft:brown_wool":2,"minecraft:leather":31,"minecraft:potato":159,"minecraft:flint":2,"minecraft:tuff":22,"minecraft:oak_log":97,"minecraft:gunpowder":20,"minecraft:lapis_lazuli":129,"minecraft:dirt":468,"minecraft:cooked_mutton":10,"minecraft:bone":14,"minecraft:apple":1,"minecraft:kelp":4,"minecraft:wheat_seeds":502,"minecraft:raw_gold":49,"minecraft:iron_ingot":93,"minecraft:oak_fence_gate":3,"minecraft:glowstone_dust":2,"minecraft:iron_sword":1,"minecraft:oak_planks":16,"minecraft:pumpkin":29,"minecraft:dandelion":14,"minecraft:poisonous_potato":1,"minecraft:spruce_sapling":33,"minecraft:spruce_log":600,"minecraft:spider_eye":2,"minecraft:diamond_shovel":1,"minecraft:pumpkin_seeds":51,"minecraft:sugar":2,"minecraft:diamond":21,"minecraft:stone_axe":1,"minecraft:iron_helmet":1,"minecraft:diamond_axe":2,"minecraft:granite":5,"minecraft:gray_wool":1,"minecraft:spruce_sign":2,"minecraft:emerald":17,"minecraft:oak_sapling":7,"minecraft:black_wool":3,"minecraft:coal":218,"minecraft:diamond_pickaxe":1,"minecraft:sunflower":33},"minecraft:killed":{"minecraft:spider":8,"minecraft:skeleton":11,"minecraft:horse":1,"minecraft:chicken":32,"minecraft:drowned":3,"minecraft:pig":16,"minecraft:zombie_villager":1,"minecraft:iron_golem":1,"minecraft:creeper":1,"minecraft:sheep":53,"minecraft:trader_llama":2,"minecraft:zombie":18,"minecraft:cow":26}},"DataVersion":3953}