{"stats":{"minecraft:killed_by":{"minecraft:piglin_brute":2,"minecraft:creeper":1,"minecraft:zombie":1,"minecraft:hoglin":1,"minecraft:skeleton":1},"minecraft:dropped":{"minecraft:spruce_sign":9,"minecraft:iron_sword":1,"minecraft:diamond_axe":4,"minecraft:cooked_beef":9,"minecraft:crafting_table":1,"minecraft:cooked_porkchop":1,"minecraft:leather":13,"minecraft:saddle":1,"minecraft:cobblestone_stairs":128,"minecraft:emerald":72,"minecraft:dirt":81,"minecraft:sand":2,"minecraft:iron_pickaxe":1,"minecraft:blue_bed":1,"minecraft:gold_ingot":32,"minecraft:bone":10,"minecraft:stone_axe":1,"minecraft:sugar_cane":223,"minecraft:cooked_chicken":22,"minecraft:wheat":33,"minecraft:rotten_flesh":11,"minecraft:oak_planks":21,"minecraft:diamond_shovel":1,"minecraft:cooked_mutton":3,"minecraft:white_bed":3,"minecraft:carrot":2,"minecraft:poppy":2,"minecraft:oak_fence_gate":2,"minecraft:soul_campfire":9,"minecraft:trident":1,"minecraft:hopper":9,"minecraft:chest":6,"minecraft:ladder":21,"minecraft:spruce_slab":2,"minecraft:arrow":16,"minecraft:glass":688,"minecraft:stone_hoe":2,"minecraft:iron_ingot":83,"minecraft:bread":1,"minecraft:wheat_seeds":8,"minecraft:book":1,"minecraft:oak_fence":2,"minecraft:cobblestone":191,"minecraft:lead":1,"minecraft:coal":61,"minecraft:yellow_carpet":1,"minecraft:stick":2,"minecraft:lava_bucket":1,"minecraft:torch":19,"minecraft:wooden_hoe":1,"minecraft:brown_wool":1,"minecraft:iron_leggings":1,"minecraft:iron_axe":2,"minecraft:bucket":1,"minecraft:spruce_sapling":24,"minecraft:redstone":117,"minecraft:polished_diorite":1,"minecraft:furnace":2,"minecraft:kelp":56,"minecraft:oak_trapdoor":1,"minecraft:stone_sword":1,"minecraft:stone_shovel":1,"minecraft:composter":2,"minecraft:light_gray_wool":1,"minecraft:diamond_sword":2,"minecraft:spruce_boat":3,"minecraft:shield":4,"minecraft:spruce_planks":35,"minecraft:diamond_pickaxe":2,"minecraft:iron_chestplate":1,"minecraft:yellow_bed":1,"minecraft:oak_boat":4,"minecraft:spruce_log":245,"minecraft:diamond_boots":1},"minecraft:broken":{"minecraft:stone_pickaxe":1,"minecraft:diamond_pickaxe":2,"minecraft:wooden_axe":1,"minecraft:stone_shovel":1,"minecraft:stone_hoe":1,"minecraft:diamond_axe":1,"minecraft:iron_axe":4,"minecraft:iron_pickaxe":1},"minecraft:used":{"minecraft:spruce_slab":36,"minecraft:oak_sign":6,"minecraft:poppy":8,"minecraft:chest":21,"minecraft:shield":46,"minecraft:stone":11,"minecraft:rotten_flesh":9,"minecraft:lily_of_the_valley":1,"minecraft:mutton":4,"minecraft:carrot":859,"minecraft:azure_bluet":6,"minecraft:spruce_boat":10,"minecraft:glass":50,"minecraft:lava_bucket":2,"minecraft:bricks":82,"minecraft:quartz_block":133,"minecraft:bow":193,"minecraft:hay_block":10,"minecraft:oak_sapling":3,"minecraft:furnace":10,"minecraft:gray_bed":1,"minecraft:beetroot_seeds":3,"minecraft:egg":15,"minecraft:potato":571,"minecraft:diorite":10,"minecraft:stone_pickaxe":284,"minecraft:oak_planks":97,"minecraft:wooden_pickaxe":24,"minecraft:blue_bed":1,"minecraft:diamond_axe":1893,"minecraft:sugar_cane":111,"minecraft:sand":2,"minecraft:pumpkin_seeds":12,"minecraft:gravel":1,"minecraft:wooden_sword":7,"minecraft:nether_wart_block":4,"minecraft:diamond_sword":420,"minecraft:smithing_table":1,"minecraft:andesite":3,"minecraft:oak_boat":8,"minecraft:bone_meal":158,"minecraft:oak_fence":108,"minecraft:trident":6,"minecraft:enchanting_table":2,"minecraft:stone_sword":61,"minecraft:flint_and_steel":1,"minecraft:stone_shovel":145,"minecraft:spruce_planks":114,"minecraft:cooked_chicken":5,"minecraft:stone_hoe":177,"minecraft:netherrack":116,"minecraft:torch":226,"minecraft:dirt":2880,"minecraft:anvil":1,"minecraft:nether_quartz_ore":6,"minecraft:yellow_carpet":10,"minecraft:granite":3,"minecraft:spruce_fence":195,"minecraft:oak_fence_gate":1,"minecraft:wooden_axe":58,"minecraft:bookshelf":22,"minecraft:iron_axe":1210,"minecraft:oak_stairs":44,"minecraft:cooked_beef":21,"minecraft:cobbled_deepslate":6,"minecraft:iron_leggings":1,"minecraft:wheat_seeds":1203,"minecraft:cooked_mutton":50,"minecraft:water_bucket":32,"minecraft:spruce_sign":7,"minecraft:cobblestone_slab":2,"minecraft:oak_slab":34,"minecraft:crafting_table":10,"minecraft:spider_eye":2,"minecraft:white_bed":3,"minecraft:spruce_log":34,"minecraft:oak_log":6,"minecraft:wooden_hoe":40,"minecraft:cornflower":4,"minecraft:diamond_pickaxe":4798,"minecraft:apple":1,"minecraft:oxeye_daisy":12,"minecraft:diamond_shovel":5801,"minecraft:sunflower":47,"minecraft:iron_pickaxe":480,"minecraft:spruce_sapling":75,"minecraft:stone_axe":27,"minecraft:cobblestone":727,"minecraft:porkchop":1,"minecraft:cooked_porkchop":126,"minecraft:bucket":34,"minecraft:glass_pane":1,"minecraft:yellow_bed":3,"minecraft:kelp":4,"minecraft:dandelion":18},"minecraft:custom":{"minecraft:animals_bred":609,"minecraft:interact_with_crafting_table":141,"minecraft:bell_ring":140,"minecraft:leave_game":30,"minecraft:time_since_death":87492,"minecraft:sprint_one_cm":3557986,"minecraft:damage_blocked_by_shield":1583,"minecraft:drop":292,"minecraft:talked_to_villager":162,"minecraft:play_time":1455036,"minecraft:deaths":7,"minecraft:jump":20953,"minecraft:walk_on_water_one_cm":205623,"minecraft:interact_with_furnace":400,"minecraft:traded_with_villager":387,"minecraft:sleep_in_bed":63,"minecraft:damage_dealt":44452,"minecraft:player_kills":1,"minecraft:crouch_one_cm":179504,"minecraft:horse_one_cm":69111,"minecraft:interact_with_anvil":6,"minecraft:mob_kills":443,"minecraft:climb_one_cm":131,"minecraft:walk_one_cm":4761699,"minecraft:sneak_time":59058,"minecraft:walk_under_water_one_cm":168055,"minecraft:boat_one_cm":246444,"minecraft:total_world_time":1455036,"minecraft:interact_with_stonecutter":2,"minecraft:time_since_rest":2664,"minecraft:damage_taken":13206,"minecraft:swim_one_cm":69469,"minecraft:fly_one_cm":4254676,"minecraft:open_chest":1257,"minecraft:fall_one_cm":559525},"minecraft:mined":{"minecraft:spruce_planks":89,"minecraft:white_bed":4,"minecraft:farmland":16,"minecraft:cobblestone_stairs":6,"minecraft:granite":5,"minecraft:grass_block":1369,"minecraft:yellow_carpet":10,"minecraft:cracked_polished_blackstone_bricks":1,"minecraft:oak_pressure_plate":1,"minecraft:polished_diorite":18,"minecraft:composter":1,"minecraft:oxeye_daisy":12,"minecraft:smooth_stone":3,"minecraft:tall_seagrass":2,"minecraft:iron_ore":83,"minecraft:cobbled_deepslate":23,"minecraft:fire":1,"minecraft:pumpkin":106,"minecraft:anvil":1,"minecraft:deepslate_lapis_ore":16,"minecraft:azure_bluet":5,"minecraft:enchanting_table":2,"minecraft:oak_sign":1,"minecraft:dirt_path":292,"minecraft:oak_stairs":302,"minecraft:spruce_slab":4,"minecraft:deepslate_redstone_ore":20,"minecraft:quartz_block":7,"minecraft:kelp_plant":11,"minecraft:powder_snow":1,"minecraft:clay":32,"minecraft:torch":7,"minecraft:blast_furnace":1,"minecraft:poppy":9,"minecraft:chest":14,"minecraft:spruce_wall_sign":2,"minecraft:glass":3,"minecraft:nether_quartz_ore":149,"minecraft:cobblestone":408,"minecraft:oak_planks":431,"minecraft:sugar_cane":625,"minecraft:bricks":3,"minecraft:wall_torch":11,"minecraft:white_terracotta":31,"minecraft:seagrass":7,"minecraft:nether_wart_block":2,"minecraft:birch_log":25,"minecraft:wheat":1167,"minecraft:oak_log":173,"minecraft:beetroots":5,"minecraft:oak_fence_gate":3,"minecraft:sand":366,"minecraft:dirt":2295,"minecraft:netherrack":407,"minecraft:oak_leaves":39,"minecraft:deepslate":70,"minecraft:nether_gold_ore":21,"minecraft:mossy_cobblestone":20,"minecraft:oak_door":4,"minecraft:glow_lichen":3,"minecraft:spruce_fence":50,"minecraft:crimson_roots":1,"minecraft:spruce_leaves":25,"minecraft:hay_block":10,"minecraft:redstone_ore":7,"minecraft:oak_trapdoor":1,"minecraft:spruce_sapling":9,"minecraft:furnace":6,"minecraft:carrots":812,"minecraft:andesite":31,"minecraft:bookshelf":1,"minecraft:potatoes":529,"minecraft:cobblestone_slab":2,"minecraft:deepslate_iron_ore":113,"minecraft:stripped_oak_log":32,"minecraft:stone":3628,"minecraft:smithing_table":1,"minecraft:podzol":458,"minecraft:oak_slab":12,"minecraft:glass_pane":23,"minecraft:soul_sand":1,"minecraft:dandelion":17,"minecraft:oak_fence":46,"minecraft:crafting_table":13,"minecraft:cornflower":5,"minecraft:short_grass":293,"minecraft:copper_ore":17,"minecraft:tall_grass":27,"minecraft:lapis_ore":8,"minecraft:deepslate_gold_ore":23,"minecraft:diorite":21,"minecraft:blue_bed":3,"minecraft:cobblestone_wall":1,"minecraft:spruce_log":1333,"minecraft:birch_leaves":10,"minecraft:yellow_bed":6,"minecraft:coal_ore":373,"minecraft:sunflower":50,"minecraft:gravel":70,"minecraft:cobweb":2,"minecraft:gold_ore":5},"minecraft:picked_up":{"minecraft:iron_chestplate":2,"minecraft:wheat":763,"minecraft:anvil":1,"minecraft:smithing_table":1,"minecraft:lead":1,"minecraft:diamond_sword":8,"minecraft:oak_stairs":333,"minecraft:enchanted_book":2,"minecraft:golden_sword":1,"minecraft:string":16,"minecraft:raw_copper":89,"minecraft:iron_leggings":3,"minecraft:oak_sign":2,"minecraft:beetroot":1,"minecraft:diamond_leggings":2,"minecraft:cobbled_deepslate":93,"minecraft:gold_nugget":83,"minecraft:smooth_stone":3,"minecraft:bucket":1,"minecraft:spruce_planks":86,"minecraft:cobblestone_slab":2,"minecraft:iron_pickaxe":1,"minecraft:furnace":8,"minecraft:iron_boots":1,"minecraft:stick":292,"minecraft:composter":1,"minecraft:oak_fence":44,"minecraft:torch":310,"minecraft:porkchop":303,"minecraft:diorite":16,"minecraft:quartz_block":7,"minecraft:rotten_flesh":63,"minecraft:white_terracotta":31,"minecraft:cobblestone":4169,"minecraft:birch_log":25,"minecraft:enchanting_table":2,"minecraft:feather":40,"minecraft:cooked_beef":1,"minecraft:andesite":19,"minecraft:brown_wool":2,"minecraft:golden_leggings":1,"minecraft:potato":1886,"minecraft:flint":7,"minecraft:tuff":22,"minecraft:lapis_lazuli":206,"minecraft:dirt":7422,"minecraft:bone":31,"minecraft:bow":3,"minecraft:wheat_seeds":3380,"minecraft:raw_gold":63,"minecraft:diamond_helmet":4,"minecraft:glowstone_dust":2,"minecraft:stone_hoe":3,"minecraft:oak_planks":410,"minecraft:cooked_porkchop":24,"minecraft:oak_pressure_plate":1,"minecraft:poisonous_potato":11,"minecraft:sand":360,"minecraft:ink_sac":1,"minecraft:grass_block":1,"minecraft:lily_of_the_valley":1,"minecraft:mossy_cobblestone":29,"minecraft:sugar":2,"minecraft:yellow_carpet":11,"minecraft:diamond":21,"minecraft:spruce_boat":11,"minecraft:cracked_polished_blackstone_bricks":2,"minecraft:granite":5,"minecraft:spruce_sign":2,"minecraft:emerald":97,"minecraft:bread":6,"minecraft:oak_sapling":11,"minecraft:netherrack":390,"minecraft:bricks":4,"minecraft:crimson_roots":2,"minecraft:diamond_pickaxe":7,"minecraft:crafting_table":13,"minecraft:azure_bluet":6,"minecraft:chicken":32,"minecraft:clay_ball":136,"minecraft:brick":28,"minecraft:shield":10,"minecraft:cornflower":4,"minecraft:oak_trapdoor":1,"minecraft:iron_axe":3,"minecraft:flint_and_steel":1,"minecraft:beef":216,"minecraft:oak_boat":8,"minecraft:poppy":11,"minecraft:light_gray_wool":3,"minecraft:spruce_slab":5,"minecraft:sugar_cane":1292,"minecraft:chest":14,"minecraft:egg":13,"minecraft:raw_iron":191,"minecraft:stone":332,"minecraft:oak_door":8,"minecraft:copper_ingot":2,"minecraft:spruce_fence":51,"minecraft:trident":1,"minecraft:carrot":2300,"minecraft:redstone":209,"minecraft:stone_shovel":1,"minecraft:arrow":115,"minecraft:weeping_vines":1,"minecraft:diamond_chestplate":4,"minecraft:beetroot_seeds":6,"minecraft:diamond_boots":6,"minecraft:hay_block":10,"minecraft:saddle":1,"minecraft:gold_ingot":1,"minecraft:mutton":80,"minecraft:white_wool":44,"minecraft:oxeye_daisy":12,"minecraft:stripped_oak_log":35,"minecraft:leather":128,"minecraft:crimson_fungus":1,"minecraft:oak_log":172,"minecraft:cobblestone_wall":2,"minecraft:yellow_bed":9,"minecraft:nether_wart_block":5,"minecraft:gunpowder":24,"minecraft:cobblestone_stairs":6,"minecraft:wooden_hoe":1,"minecraft:blue_bed":13,"minecraft:paper":9,"minecraft:cooked_mutton":10,"minecraft:apple":1,"minecraft:kelp":60,"minecraft:iron_ingot":221,"minecraft:oak_fence_gate":4,"minecraft:cooked_chicken":11,"minecraft:gray_bed":14,"minecraft:iron_sword":1,"minecraft:soul_sand":1,"minecraft:book":3,"minecraft:oak_slab":22,"minecraft:warped_fungus":1,"minecraft:pumpkin":96,"minecraft:quartz":260,"minecraft:dandelion":20,"minecraft:gravel":68,"minecraft:spruce_sapling":163,"minecraft:white_bed":10,"minecraft:spruce_log":1609,"minecraft:spider_eye":3,"minecraft:diamond_shovel":6,"minecraft:pumpkin_seeds":51,"minecraft:polished_diorite":20,"minecraft:stone_axe":1,"minecraft:iron_helmet":1,"minecraft:diamond_axe":9,"minecraft:gray_wool":1,"minecraft:black_wool":3,"minecraft:crimson_nylium":12,"minecraft:coal":462,"minecraft:sunflower":48},"minecraft:crafted":{"minecraft:brick":284,"minecraft:oak_planks":566,"minecraft:oak_sign":3,"minecraft:cooked_chicken":32,"minecraft:cobblestone_stairs":16,"minecraft:diamond_shovel":2,"minecraft:bookshelf":20,"minecraft:cooked_mutton":61,"minecraft:quartz_block":126,"minecraft:glass":780,"minecraft:diamond_helmet":2,"minecraft:diamond_leggings":2,"minecraft:chest":9,"minecraft:bricks":78,"minecraft:stone_hoe":5,"minecraft:oak_fence":84,"minecraft:gray_bed":1,"minecraft:oak_slab":18,"minecraft:emerald":373,"minecraft:cooked_porkchop":210,"minecraft:diamond_axe":1,"minecraft:crafting_table":4,"minecraft:spruce_planks":5550,"minecraft:wooden_pickaxe":3,"minecraft:birch_planks":98,"minecraft:pumpkin_seeds":48,"minecraft:diamond_pickaxe":3,"minecraft:wooden_hoe":2,"minecraft:iron_chestplate":1,"minecraft:book":63,"minecraft:paper":192,"minecraft:golden_leggings":1,"minecraft:stick":10576,"minecraft:iron_ingot":73,"minecraft:iron_pickaxe":2,"minecraft:stone_sword":1,"minecraft:wooden_sword":1,"minecraft:stone_shovel":1,"minecraft:spruce_button":20,"minecraft:furnace":7,"minecraft:bone_meal":186,"minecraft:spruce_fence":153,"minecraft:glass_pane":16,"minecraft:iron_axe":2,"minecraft:spruce_slab":33,"minecraft:stone_pickaxe":4,"minecraft:diamond_boots":1,"minecraft:spruce_boat":2,"minecraft:cooked_beef":179,"minecraft:spruce_sign":6,"minecraft:bucket":2,"minecraft:stone_axe":3,"minecraft:enchanted_book":2,"minecraft:air":0,"minecraft:bread":1,"minecraft:oak_boat":3,"minecraft:wooden_axe":3,"minecraft:white_bed":5,"minecraft:torch":284,"minecraft:diamond_chestplate":2},"minecraft:killed":{"minecraft:zombified_piglin":1,"minecraft:spider":14,"minecraft:skeleton":25,"minecraft:chicken":32,"minecraft:piglin":2,"minecraft:pig":142,"minecraft:zombie_villager":1,"minecraft:iron_golem":1,"minecraft:creeper":7,"minecraft:sheep":53,"minecraft:trader_llama":2,"minecraft:zombie":40,"minecraft:cow":103,"minecraft:horse":1,"minecraft:drowned":8,"minecraft:bat":1,"minecraft:hoglin":1,"minecraft:villager":1}},"DataVersion":3953}