{"stats":{"minecraft:broken":{"minecraft:stone_pickaxe":1,"minecraft:wooden_axe":1,"minecraft:stone_shovel":1,"minecraft:stone_hoe":1,"minecraft:iron_axe":4,"minecraft:iron_pickaxe":1},"minecraft:dropped":{"minecraft:iron_sword":1,"minecraft:diamond_axe":1,"minecraft:cooked_beef":9,"minecraft:crafting_table":1,"minecraft:leather":13,"minecraft:saddle":1,"minecraft:emerald":72,"minecraft:dirt":76,"minecraft:sand":2,"minecraft:iron_pickaxe":1,"minecraft:gold_ingot":32,"minecraft:bone":10,"minecraft:stone_axe":1,"minecraft:sugar_cane":223,"minecraft:cooked_chicken":22,"minecraft:rotten_flesh":2,"minecraft:oak_planks":21,"minecraft:diamond_shovel":1,"minecraft:cooked_mutton":3,"minecraft:white_bed":3,"minecraft:oak_fence_gate":2,"minecraft:trident":1,"minecraft:spruce_slab":2,"minecraft:arrow":16,"minecraft:glass":688,"minecraft:stone_hoe":2,"minecraft:iron_ingot":83,"minecraft:bread":1,"minecraft:wheat_seeds":5,"minecraft:oak_fence":2,"minecraft:cobblestone":77,"minecraft:lead":1,"minecraft:coal":61,"minecraft:stick":1,"minecraft:torch":19,"minecraft:brown_wool":1,"minecraft:iron_leggings":1,"minecraft:iron_axe":2,"minecraft:bucket":1,"minecraft:spruce_sapling":22,"minecraft:redstone":64,"minecraft:polished_diorite":1,"minecraft:furnace":2,"minecraft:oak_trapdoor":1,"minecraft:stone_sword":1,"minecraft:stone_shovel":1,"minecraft:composter":2,"minecraft:light_gray_wool":1,"minecraft:diamond_sword":2,"minecraft:spruce_boat":3,"minecraft:shield":2,"minecraft:iron_chestplate":1,"minecraft:yellow_bed":1,"minecraft:oak_boat":3,"minecraft:spruce_log":243},"minecraft:crafted":{"minecraft:oak_planks":366,"minecraft:oak_sign":3,"minecraft:cooked_chicken":32,"minecraft:diamond_shovel":1,"minecraft:bookshelf":20,"minecraft:cooked_mutton":61,"minecraft:glass":780,"minecraft:diamond_helmet":1,"minecraft:chest":4,"minecraft:stone_hoe":2,"minecraft:oak_fence":84,"minecraft:oak_slab":18,"minecraft:emerald":140,"minecraft:cooked_porkchop":176,"minecraft:crafting_table":3,"minecraft:spruce_planks":2710,"minecraft:wooden_pickaxe":3,"minecraft:birch_planks":98,"minecraft:pumpkin_seeds":48,"minecraft:wooden_hoe":2,"minecraft:iron_chestplate":1,"minecraft:book":62,"minecraft:paper":192,"minecraft:stick":4604,"minecraft:iron_ingot":73,"minecraft:iron_pickaxe":2,"minecraft:stone_sword":1,"minecraft:wooden_sword":1,"minecraft:stone_shovel":1,"minecraft:spruce_button":20,"minecraft:furnace":7,"minecraft:bone_meal":186,"minecraft:spruce_fence":153,"minecraft:glass_pane":16,"minecraft:iron_axe":2,"minecraft:spruce_slab":33,"minecraft:stone_pickaxe":4,"minecraft:spruce_boat":2,"minecraft:cooked_beef":124,"minecraft:spruce_sign":6,"minecraft:bucket":1,"minecraft:stone_axe":3,"minecraft:enchanted_book":1,"minecraft:bread":1,"minecraft:air":0,"minecraft:oak_boat":3,"minecraft:wooden_axe":3,"minecraft:white_bed":3,"minecraft:torch":184,"minecraft:diamond_chestplate":1},"minecraft:picked_up":{"minecraft:iron_chestplate":2,"minecraft:wheat":299,"minecraft:smithing_table":1,"minecraft:lead":1,"minecraft:diamond_sword":3,"minecraft:oak_stairs":91,"minecraft:string":15,"minecraft:raw_copper":50,"minecraft:iron_leggings":3,"minecraft:oak_sign":2,"minecraft:beetroot":1,"minecraft:diamond_leggings":1,"minecraft:cobbled_deepslate":91,"minecraft:bucket":1,"minecraft:spruce_planks":78,"minecraft:iron_pickaxe":1,"minecraft:furnace":8,"minecraft:iron_boots":1,"minecraft:stick":266,"minecraft:composter":1,"minecraft:oak_fence":33,"minecraft:torch":29,"minecraft:porkchop":195,"minecraft:diorite":16,"minecraft:rotten_flesh":35,"minecraft:cobblestone":562,"minecraft:birch_log":25,"minecraft:enchanting_table":2,"minecraft:feather":40,"minecraft:cooked_beef":1,"minecraft:andesite":19,"minecraft:brown_wool":2,"minecraft:golden_leggings":1,"minecraft:potato":558,"minecraft:flint":2,"minecraft:tuff":22,"minecraft:lapis_lazuli":206,"minecraft:dirt":1914,"minecraft:bone":22,"minecraft:bow":3,"minecraft:wheat_seeds":1714,"minecraft:raw_gold":63,"minecraft:glowstone_dust":2,"minecraft:oak_planks":103,"minecraft:oak_pressure_plate":1,"minecraft:poisonous_potato":6,"minecraft:sand":260,"minecraft:ink_sac":1,"minecraft:lily_of_the_valley":1,"minecraft:mossy_cobblestone":9,"minecraft:sugar":2,"minecraft:diamond":21,"minecraft:spruce_boat":11,"minecraft:granite":5,"minecraft:spruce_sign":2,"minecraft:emerald":45,"minecraft:oak_sapling":11,"minecraft:bricks":1,"minecraft:diamond_pickaxe":1,"minecraft:crafting_table":13,"minecraft:azure_bluet":5,"minecraft:chicken":32,"minecraft:shield":4,"minecraft:cornflower":4,"minecraft:oak_trapdoor":1,"minecraft:iron_axe":3,"minecraft:beef":216,"minecraft:oak_boat":7,"minecraft:poppy":9,"minecraft:spruce_slab":2,"minecraft:light_gray_wool":3,"minecraft:sugar_cane":488,"minecraft:chest":8,"minecraft:egg":13,"minecraft:raw_iron":185,"minecraft:stone":22,"minecraft:oak_door":1,"minecraft:copper_ingot":2,"minecraft:spruce_fence":47,"minecraft:trident":1,"minecraft:carrot":1255,"minecraft:redstone":156,"minecraft:arrow":106,"minecraft:stone_shovel":1,"minecraft:beetroot_seeds":6,"minecraft:diamond_boots":1,"minecraft:hay_block":10,"minecraft:saddle":1,"minecraft:mutton":80,"minecraft:white_wool":44,"minecraft:oxeye_daisy":12,"minecraft:leather":124,"minecraft:crimson_fungus":1,"minecraft:oak_log":105,"minecraft:yellow_bed":2,"minecraft:gunpowder":22,"minecraft:cobblestone_stairs":3,"minecraft:wooden_hoe":1,"minecraft:paper":9,"minecraft:cooked_mutton":10,"minecraft:apple":1,"minecraft:kelp":4,"minecraft:oak_fence_gate":4,"minecraft:iron_ingot":93,"minecraft:cooked_chicken":11,"minecraft:iron_sword":1,"minecraft:oak_slab":16,"minecraft:warped_fungus":1,"minecraft:pumpkin":57,"minecraft:quartz":1,"minecraft:dandelion":18,"minecraft:spruce_sapling":114,"minecraft:spruce_log":899,"minecraft:spider_eye":3,"minecraft:diamond_shovel":1,"minecraft:pumpkin_seeds":51,"minecraft:polished_diorite":20,"minecraft:stone_axe":1,"minecraft:iron_helmet":1,"minecraft:diamond_axe":2,"minecraft:gray_wool":1,"minecraft:black_wool":3,"minecraft:coal":234,"minecraft:sunflower":43},"minecraft:killed":{"minecraft:zombified_piglin":1,"minecraft:spider":11,"minecraft:skeleton":18,"minecraft:chicken":32,"minecraft:pig":95,"minecraft:zombie_villager":1,"minecraft:iron_golem":1,"minecraft:creeper":5,"minecraft:sheep":53,"minecraft:trader_llama":2,"minecraft:zombie":24,"minecraft:cow":103,"minecraft:horse":1,"minecraft:drowned":5,"minecraft:bat":1},"minecraft:custom":{"minecraft:animals_bred":286,"minecraft:interact_with_crafting_table":91,"minecraft:bell_ring":140,"minecraft:leave_game":13,"minecraft:time_since_death":784010,"minecraft:sprint_one_cm":1946766,"minecraft:damage_blocked_by_shield":1095,"minecraft:drop":245,"minecraft:talked_to_villager":81,"minecraft:play_time":853239,"minecraft:deaths":3,"minecraft:jump":12013,"minecraft:walk_on_water_one_cm":164811,"minecraft:interact_with_furnace":259,"minecraft:traded_with_villager":144,"minecraft:sleep_in_bed":38,"minecraft:damage_dealt":31110,"minecraft:player_kills":1,"minecraft:crouch_one_cm":94009,"minecraft:horse_one_cm":39823,"minecraft:mob_kills":358,"minecraft:interact_with_anvil":2,"minecraft:climb_one_cm":98,"minecraft:walk_one_cm":2661242,"minecraft:sneak_time":31009,"minecraft:walk_under_water_one_cm":146631,"minecraft:boat_one_cm":246444,"minecraft:total_world_time":853239,"minecraft:time_since_rest":12452,"minecraft:damage_taken":6227,"minecraft:swim_one_cm":68076,"minecraft:fly_one_cm":2450695,"minecraft:open_chest":618,"minecraft:fall_one_cm":323003},"minecraft:killed_by":{"minecraft:creeper":1,"minecraft:zombie":1,"minecraft:skeleton":1},"minecraft:used":{"minecraft:spruce_slab":36,"minecraft:oak_sign":6,"minecraft:poppy":8,"minecraft:chest":12,"minecraft:shield":29,"minecraft:rotten_flesh":8,"minecraft:mutton":4,"minecraft:lily_of_the_valley":1,"minecraft:carrot":589,"minecraft:azure_bluet":5,"minecraft:spruce_boat":10,"minecraft:glass":50,"minecraft:lava_bucket":2,"minecraft:bricks":1,"minecraft:bow":131,"minecraft:hay_block":10,"minecraft:oak_sapling":3,"minecraft:furnace":10,"minecraft:beetroot_seeds":3,"minecraft:egg":15,"minecraft:potato":220,"minecraft:diorite":10,"minecraft:stone_pickaxe":284,"minecraft:oak_planks":92,"minecraft:wooden_pickaxe":24,"minecraft:diamond_axe":311,"minecraft:sugar_cane":93,"minecraft:sand":1,"minecraft:pumpkin_seeds":12,"minecraft:wooden_sword":7,"minecraft:diamond_sword":249,"minecraft:smithing_table":1,"minecraft:andesite":3,"minecraft:oak_boat":8,"minecraft:bone_meal":158,"minecraft:oak_fence":97,"minecraft:enchanting_table":2,"minecraft:stone_sword":61,"minecraft:stone_shovel":145,"minecraft:spruce_planks":108,"minecraft:stone_hoe":151,"minecraft:cooked_chicken":5,"minecraft:torch":162,"minecraft:dirt":1435,"minecraft:granite":3,"minecraft:spruce_fence":180,"minecraft:wooden_axe":58,"minecraft:bookshelf":21,"minecraft:iron_axe":1210,"minecraft:oak_stairs":38,"minecraft:cooked_beef":12,"minecraft:cobbled_deepslate":6,"minecraft:iron_leggings":1,"minecraft:wheat_seeds":680,"minecraft:cooked_mutton":50,"minecraft:water_bucket":30,"minecraft:spruce_sign":7,"minecraft:oak_slab":31,"minecraft:crafting_table":9,"minecraft:spider_eye":2,"minecraft:white_bed":1,"minecraft:spruce_log":19,"minecraft:oak_log":6,"minecraft:wooden_hoe":38,"minecraft:cornflower":4,"minecraft:diamond_pickaxe":273,"minecraft:apple":1,"minecraft:oxeye_daisy":12,"minecraft:diamond_shovel":1508,"minecraft:sunflower":43,"minecraft:iron_pickaxe":480,"minecraft:spruce_sapling":37,"minecraft:stone_axe":27,"minecraft:cobblestone":145,"minecraft:cooked_porkchop":46,"minecraft:bucket":32,"minecraft:glass_pane":1,"minecraft:kelp":4,"minecraft:dandelion":18},"minecraft:mined":{"minecraft:spruce_planks":81,"minecraft:farmland":3,"minecraft:cobblestone_stairs":2,"minecraft:granite":5,"minecraft:grass_block":325,"minecraft:polished_diorite":18,"minecraft:composter":1,"minecraft:oxeye_daisy":12,"minecraft:tall_seagrass":2,"minecraft:iron_ore":74,"minecraft:cobbled_deepslate":21,"minecraft:pumpkin":67,"minecraft:deepslate_lapis_ore":16,"minecraft:azure_bluet":5,"minecraft:enchanting_table":2,"minecraft:oak_sign":1,"minecraft:dirt_path":183,"minecraft:oak_stairs":90,"minecraft:spruce_slab":2,"minecraft:deepslate_redstone_ore":20,"minecraft:kelp_plant":11,"minecraft:powder_snow":1,"minecraft:torch":3,"minecraft:blast_furnace":1,"minecraft:poppy":9,"minecraft:chest":8,"minecraft:spruce_wall_sign":2,"minecraft:glass":3,"minecraft:nether_quartz_ore":1,"minecraft:cobblestone":90,"minecraft:sugar_cane":224,"minecraft:oak_planks":101,"minecraft:bricks":1,"minecraft:wall_torch":6,"minecraft:birch_log":25,"minecraft:wheat":646,"minecraft:oak_log":109,"minecraft:beetroots":5,"minecraft:oak_fence_gate":3,"minecraft:sand":256,"minecraft:dirt":903,"minecraft:netherrack":2,"minecraft:oak_leaves":39,"minecraft:deepslate":70,"minecraft:mossy_cobblestone":1,"minecraft:glow_lichen":3,"minecraft:spruce_fence":44,"minecraft:spruce_leaves":20,"minecraft:hay_block":10,"minecraft:redstone_ore":7,"minecraft:oak_trapdoor":1,"minecraft:spruce_sapling":7,"minecraft:furnace":6,"minecraft:carrots":560,"minecraft:andesite":31,"minecraft:potatoes":178,"minecraft:deepslate_iron_ore":113,"minecraft:stone":339,"minecraft:podzol":16,"minecraft:smithing_table":1,"minecraft:oak_slab":10,"minecraft:glass_pane":3,"minecraft:dandelion":17,"minecraft:oak_fence":35,"minecraft:crafting_table":13,"minecraft:cornflower":5,"minecraft:short_grass":141,"minecraft:tall_grass":23,"minecraft:copper_ore":5,"minecraft:lapis_ore":8,"minecraft:deepslate_gold_ore":23,"minecraft:diorite":21,"minecraft:spruce_log":630,"minecraft:birch_leaves":10,"minecraft:yellow_bed":1,"minecraft:coal_ore":154,"minecraft:sunflower":45,"minecraft:gravel":4,"minecraft:cobweb":2,"minecraft:gold_ore":5}},"DataVersion":3953}