{"stats":{"minecraft:broken":{"minecraft:stone_pickaxe":1,"minecraft:iron_axe":2,"minecraft:wooden_axe":1,"minecraft:stone_shovel":1},"minecraft:mined":{"minecraft:farmland":2,"minecraft:glow_lichen":3,"minecraft:granite":5,"minecraft:grass_block":112,"minecraft:spruce_leaves":2,"minecraft:composter":1,"minecraft:oxeye_daisy":6,"minecraft:hay_block":10,"minecraft:tall_seagrass":1,"minecraft:redstone_ore":7,"minecraft:furnace":5,"minecraft:carrots":173,"minecraft:iron_ore":17,"minecraft:andesite":30,"minecraft:pumpkin":22,"minecraft:deepslate_lapis_ore":5,"minecraft:azure_bluet":3,"minecraft:potatoes":64,"minecraft:deepslate_iron_ore":50,"minecraft:dirt_path":2,"minecraft:stone":160,"minecraft:podzol":9,"minecraft:deepslate_redstone_ore":7,"minecraft:kelp_plant":11,"minecraft:dandelion":13,"minecraft:powder_snow":1,"minecraft:oak_fence":13,"minecraft:crafting_table":12,"minecraft:cornflower":3,"minecraft:torch":2,"minecraft:short_grass":83,"minecraft:poppy":5,"minecraft:chest":2,"minecraft:copper_ore":4,"minecraft:tall_grass":4,"minecraft:cobblestone":27,"minecraft:deepslate_gold_ore":14,"minecraft:lapis_ore":7,"minecraft:sugar_cane":28,"minecraft:oak_planks":9,"minecraft:diorite":20,"minecraft:wall_torch":4,"minecraft:birch_log":25,"minecraft:wheat":222,"minecraft:spruce_log":109,"minecraft:birch_leaves":10,"minecraft:oak_log":89,"minecraft:coal_ore":136,"minecraft:beetroots":5,"minecraft:oak_fence_gate":1,"minecraft:sunflower":35,"minecraft:gravel":3,"minecraft:dirt":55,"minecraft:cobweb":2,"minecraft:oak_leaves":39,"minecraft:deepslate":45},"minecraft:killed_by":{"minecraft:creeper":1,"minecraft:skeleton":1,"minecraft:zombie":1},"minecraft:custom":{"minecraft:mob_kills":151,"minecraft:animals_bred":10,"minecraft:interact_with_crafting_table":49,"minecraft:bell_ring":16,"minecraft:leave_game":5,"minecraft:time_since_death":222576,"minecraft:sprint_one_cm":690230,"minecraft:walk_one_cm":1009759,"minecraft:damage_blocked_by_shield":915,"minecraft:drop":36,"minecraft:talked_to_villager":4,"minecraft:play_time":291805,"minecraft:sneak_time":4358,"minecraft:deaths":3,"minecraft:walk_under_water_one_cm":44516,"minecraft:jump":5009,"minecraft:walk_on_water_one_cm":66198,"minecraft:total_world_time":291805,"minecraft:interact_with_furnace":113,"minecraft:sleep_in_bed":9,"minecraft:time_since_rest":80101,"minecraft:damage_taken":3097,"minecraft:damage_dealt":15862,"minecraft:swim_one_cm":29477,"minecraft:fly_one_cm":931003,"minecraft:open_chest":141,"minecraft:crouch_one_cm":7214,"minecraft:fall_one_cm":135740,"minecraft:horse_one_cm":22852},"minecraft:used":{"minecraft:oak_fence":84,"minecraft:stone_sword":56,"minecraft:stone_shovel":145,"minecraft:oak_sign":3,"minecraft:chest":6,"minecraft:shield":27,"minecraft:rotten_flesh":6,"minecraft:stone_hoe":90,"minecraft:torch":66,"minecraft:dirt":228,"minecraft:mutton":4,"minecraft:carrot":180,"minecraft:granite":3,"minecraft:wooden_axe":58,"minecraft:lava_bucket":2,"minecraft:iron_axe":473,"minecraft:bow":52,"minecraft:hay_block":10,"minecraft:oak_sapling":2,"minecraft:furnace":7,"minecraft:beetroot_seeds":3,"minecraft:egg":13,"minecraft:potato":65,"minecraft:iron_leggings":1,"minecraft:wheat_seeds":224,"minecraft:cooked_mutton":43,"minecraft:water_bucket":8,"minecraft:diorite":10,"minecraft:stone_pickaxe":284,"minecraft:oak_planks":15,"minecraft:wooden_pickaxe":24,"minecraft:sugar_cane":32,"minecraft:crafting_table":9,"minecraft:spider_eye":2,"minecraft:white_bed":1,"minecraft:pumpkin_seeds":12,"minecraft:apple":1,"minecraft:diamond_shovel":3,"minecraft:sunflower":33,"minecraft:iron_pickaxe":247,"minecraft:stone_axe":27,"minecraft:wooden_sword":7,"minecraft:cobblestone":63,"minecraft:cooked_porkchop":3,"minecraft:andesite":3,"minecraft:bucket":10,"minecraft:kelp":4,"minecraft:dandelion":10},"minecraft:crafted":{"minecraft:wooden_sword":1,"minecraft:oak_planks":358,"minecraft:stone_shovel":1,"minecraft:oak_sign":3,"minecraft:cooked_chicken":23,"minecraft:furnace":5,"minecraft:cooked_mutton":55,"minecraft:iron_axe":2,"minecraft:stone_pickaxe":4,"minecraft:chest":4,"minecraft:stone_hoe":1,"minecraft:oak_fence":84,"minecraft:cooked_beef":37,"minecraft:cooked_porkchop":38,"minecraft:crafting_table":3,"minecraft:wooden_pickaxe":3,"minecraft:birch_planks":98,"minecraft:pumpkin_seeds":48,"minecraft:stone_axe":3,"minecraft:bread":1,"minecraft:air":0,"minecraft:wooden_hoe":1,"minecraft:iron_chestplate":1,"minecraft:stick":124,"minecraft:iron_ingot":49,"minecraft:iron_pickaxe":2,"minecraft:wooden_axe":3,"minecraft:stone_sword":1,"minecraft:white_bed":1,"minecraft:torch":96},"minecraft:dropped":{"minecraft:stone_hoe":1,"minecraft:bread":1,"minecraft:iron_ingot":83,"minecraft:iron_sword":1,"minecraft:oak_fence":1,"minecraft:cobblestone":71,"minecraft:leather":13,"minecraft:saddle":1,"minecraft:coal":61,"minecraft:brown_wool":1,"minecraft:iron_leggings":1,"minecraft:iron_axe":1,"minecraft:iron_pickaxe":1,"minecraft:spruce_sapling":3,"minecraft:bone":10,"minecraft:furnace":2,"minecraft:stone_axe":1,"minecraft:stone_shovel":1,"minecraft:light_gray_wool":1,"minecraft:oak_planks":17,"minecraft:cooked_mutton":2,"minecraft:oak_fence_gate":2,"minecraft:shield":1,"minecraft:trident":1,"minecraft:iron_chestplate":1,"minecraft:spruce_log":108,"minecraft:arrow":16},"minecraft:picked_up":{"minecraft:crafting_table":12,"minecraft:iron_chestplate":2,"minecraft:wheat":27,"minecraft:azure_bluet":3,"minecraft:chicken":23,"minecraft:shield":3,"minecraft:cornflower":2,"minecraft:string":12,"minecraft:raw_copper":47,"minecraft:iron_axe":2,"minecraft:iron_leggings":3,"minecraft:oak_sign":1,"minecraft:beetroot":1,"minecraft:diamond_leggings":1,"minecraft:cobbled_deepslate":47,"minecraft:bucket":1,"minecraft:beef":37,"minecraft:light_gray_wool":3,"minecraft:poppy":4,"minecraft:iron_pickaxe":1,"minecraft:sugar_cane":83,"minecraft:chest":2,"minecraft:furnace":7,"minecraft:iron_boots":1,"minecraft:egg":11,"minecraft:stick":18,"minecraft:raw_iron":67,"minecraft:copper_ingot":1,"minecraft:composter":1,"minecraft:oak_fence":13,"minecraft:torch":24,"minecraft:porkchop":30,"minecraft:redstone":114,"minecraft:diorite":13,"minecraft:carrot":224,"minecraft:trident":1,"minecraft:rotten_flesh":25,"minecraft:stone_shovel":1,"minecraft:arrow":13,"minecraft:beetroot_seeds":6,"minecraft:diamond_boots":1,"minecraft:hay_block":10,"minecraft:saddle":1,"minecraft:mutton":74,"minecraft:cobblestone":316,"minecraft:white_wool":40,"minecraft:oxeye_daisy":6,"minecraft:birch_log":25,"minecraft:feather":33,"minecraft:andesite":18,"minecraft:brown_wool":2,"minecraft:leather":24,"minecraft:potato":80,"minecraft:flint":2,"minecraft:tuff":22,"minecraft:oak_log":89,"minecraft:gunpowder":20,"minecraft:lapis_lazuli":129,"minecraft:dirt":235,"minecraft:cooked_mutton":9,"minecraft:bone":13,"minecraft:apple":1,"minecraft:kelp":4,"minecraft:wheat_seeds":280,"minecraft:raw_gold":49,"minecraft:iron_ingot":88,"minecraft:oak_fence_gate":2,"minecraft:glowstone_dust":2,"minecraft:iron_sword":1,"minecraft:oak_planks":11,"minecraft:pumpkin":13,"minecraft:dandelion":14,"minecraft:spruce_sapling":8,"minecraft:spruce_log":108,"minecraft:spider_eye":2,"minecraft:diamond_shovel":1,"minecraft:pumpkin_seeds":51,"minecraft:sugar":2,"minecraft:diamond":21,"minecraft:stone_axe":1,"minecraft:iron_helmet":1,"minecraft:granite":5,"minecraft:gray_wool":1,"minecraft:oak_sapling":7,"minecraft:black_wool":3,"minecraft:coal":218,"minecraft:sunflower":33},"minecraft:killed":{"minecraft:spider":8,"minecraft:skeleton":10,"minecraft:horse":1,"minecraft:chicken":23,"minecraft:drowned":3,"minecraft:pig":14,"minecraft:zombie_villager":1,"minecraft:creeper":1,"minecraft:sheep":49,"minecraft:zombie":18,"minecraft:cow":20}},"DataVersion":3953}