{"stats":{"minecraft:custom":{"minecraft:animals_bred":543,"minecraft:interact_with_crafting_table":134,"minecraft:bell_ring":140,"minecraft:leave_game":28,"minecraft:time_since_death":1269764,"minecraft:sprint_one_cm":3189445,"minecraft:damage_blocked_by_shield":1095,"minecraft:drop":274,"minecraft:talked_to_villager":159,"minecraft:play_time":1338993,"minecraft:deaths":3,"minecraft:jump":18978,"minecraft:walk_on_water_one_cm":200860,"minecraft:interact_with_furnace":393,"minecraft:traded_with_villager":386,"minecraft:sleep_in_bed":57,"minecraft:damage_dealt":39592,"minecraft:player_kills":1,"minecraft:crouch_one_cm":162290,"minecraft:horse_one_cm":69111,"minecraft:interact_with_anvil":4,"minecraft:mob_kills":410,"minecraft:climb_one_cm":131,"minecraft:walk_one_cm":4254035,"minecraft:sneak_time":55163,"minecraft:walk_under_water_one_cm":161565,"minecraft:boat_one_cm":246444,"minecraft:total_world_time":1338993,"minecraft:interact_with_stonecutter":2,"minecraft:time_since_rest":17562,"minecraft:damage_taken":11128,"minecraft:swim_one_cm":68076,"minecraft:fly_one_cm":3829497,"minecraft:open_chest":1167,"minecraft:fall_one_cm":509826},"minecraft:crafted":{"minecraft:brick":284,"minecraft:oak_planks":566,"minecraft:oak_sign":3,"minecraft:cooked_chicken":32,"minecraft:cobblestone_stairs":16,"minecraft:diamond_shovel":2,"minecraft:bookshelf":20,"minecraft:cooked_mutton":61,"minecraft:quartz_block":63,"minecraft:glass":780,"minecraft:diamond_helmet":2,"minecraft:diamond_leggings":1,"minecraft:chest":9,"minecraft:bricks":78,"minecraft:stone_hoe":4,"minecraft:oak_fence":84,"minecraft:gray_bed":1,"minecraft:oak_slab":18,"minecraft:emerald":373,"minecraft:cooked_porkchop":210,"minecraft:diamond_axe":1,"minecraft:crafting_table":4,"minecraft:spruce_planks":5550,"minecraft:wooden_pickaxe":3,"minecraft:birch_planks":98,"minecraft:pumpkin_seeds":48,"minecraft:diamond_pickaxe":3,"minecraft:wooden_hoe":2,"minecraft:iron_chestplate":1,"minecraft:book":63,"minecraft:paper":192,"minecraft:golden_leggings":1,"minecraft:stick":10576,"minecraft:iron_ingot":73,"minecraft:iron_pickaxe":2,"minecraft:stone_sword":1,"minecraft:wooden_sword":1,"minecraft:stone_shovel":1,"minecraft:spruce_button":20,"minecraft:furnace":7,"minecraft:bone_meal":186,"minecraft:spruce_fence":153,"minecraft:glass_pane":16,"minecraft:iron_axe":2,"minecraft:spruce_slab":33,"minecraft:stone_pickaxe":4,"minecraft:diamond_boots":1,"minecraft:spruce_boat":2,"minecraft:cooked_beef":179,"minecraft:spruce_sign":6,"minecraft:bucket":2,"minecraft:stone_axe":3,"minecraft:enchanted_book":2,"minecraft:air":0,"minecraft:bread":1,"minecraft:oak_boat":3,"minecraft:wooden_axe":3,"minecraft:white_bed":5,"minecraft:torch":284,"minecraft:diamond_chestplate":2},"minecraft:mined":{"minecraft:spruce_planks":89,"minecraft:white_bed":4,"minecraft:farmland":11,"minecraft:cobblestone_stairs":6,"minecraft:granite":5,"minecraft:grass_block":751,"minecraft:yellow_carpet":10,"minecraft:oak_pressure_plate":1,"minecraft:polished_diorite":18,"minecraft:composter":1,"minecraft:oxeye_daisy":12,"minecraft:smooth_stone":3,"minecraft:tall_seagrass":2,"minecraft:iron_ore":83,"minecraft:cobbled_deepslate":23,"minecraft:fire":1,"minecraft:pumpkin":96,"minecraft:deepslate_lapis_ore":16,"minecraft:anvil":1,"minecraft:azure_bluet":5,"minecraft:enchanting_table":2,"minecraft:oak_sign":1,"minecraft:dirt_path":270,"minecraft:oak_stairs":298,"minecraft:spruce_slab":4,"minecraft:deepslate_redstone_ore":20,"minecraft:quartz_block":4,"minecraft:kelp_plant":11,"minecraft:powder_snow":1,"minecraft:clay":32,"minecraft:torch":4,"minecraft:blast_furnace":1,"minecraft:poppy":9,"minecraft:chest":14,"minecraft:spruce_wall_sign":2,"minecraft:nether_quartz_ore":149,"minecraft:glass":3,"minecraft:cobblestone":378,"minecraft:oak_planks":347,"minecraft:sugar_cane":625,"minecraft:bricks":3,"minecraft:wall_torch":11,"minecraft:seagrass":7,"minecraft:nether_wart_block":2,"minecraft:birch_log":25,"minecraft:wheat":987,"minecraft:oak_log":173,"minecraft:beetroots":5,"minecraft:oak_fence_gate":3,"minecraft:sand":345,"minecraft:dirt":2150,"minecraft:netherrack":405,"minecraft:oak_leaves":39,"minecraft:deepslate":70,"minecraft:nether_gold_ore":21,"minecraft:mossy_cobblestone":20,"minecraft:oak_door":3,"minecraft:glow_lichen":3,"minecraft:spruce_fence":50,"minecraft:spruce_leaves":25,"minecraft:hay_block":10,"minecraft:redstone_ore":7,"minecraft:oak_trapdoor":1,"minecraft:spruce_sapling":9,"minecraft:furnace":6,"minecraft:carrots":704,"minecraft:andesite":31,"minecraft:potatoes":424,"minecraft:deepslate_iron_ore":113,"minecraft:cobblestone_slab":1,"minecraft:stripped_oak_log":16,"minecraft:stone":3598,"minecraft:smithing_table":1,"minecraft:podzol":458,"minecraft:oak_slab":10,"minecraft:glass_pane":19,"minecraft:soul_sand":1,"minecraft:dandelion":17,"minecraft:oak_fence":38,"minecraft:crafting_table":13,"minecraft:cornflower":5,"minecraft:short_grass":248,"minecraft:copper_ore":8,"minecraft:tall_grass":27,"minecraft:deepslate_gold_ore":23,"minecraft:lapis_ore":8,"minecraft:diorite":21,"minecraft:blue_bed":3,"minecraft:cobblestone_wall":1,"minecraft:spruce_log":1333,"minecraft:birch_leaves":10,"minecraft:yellow_bed":6,"minecraft:coal_ore":365,"minecraft:sunflower":50,"minecraft:gravel":70,"minecraft:cobweb":2,"minecraft:gold_ore":5},"minecraft:picked_up":{"minecraft:iron_chestplate":2,"minecraft:wheat":596,"minecraft:anvil":1,"minecraft:smithing_table":1,"minecraft:lead":1,"minecraft:diamond_sword":3,"minecraft:oak_stairs":309,"minecraft:string":16,"minecraft:raw_copper":59,"minecraft:iron_leggings":3,"minecraft:oak_sign":2,"minecraft:beetroot":1,"minecraft:diamond_leggings":1,"minecraft:cobbled_deepslate":93,"minecraft:gold_nugget":83,"minecraft:smooth_stone":3,"minecraft:bucket":1,"minecraft:spruce_planks":86,"minecraft:cobblestone_slab":1,"minecraft:iron_pickaxe":1,"minecraft:furnace":8,"minecraft:iron_boots":1,"minecraft:stick":290,"minecraft:composter":1,"minecraft:oak_fence":36,"minecraft:torch":45,"minecraft:porkchop":240,"minecraft:diorite":16,"minecraft:quartz_block":4,"minecraft:rotten_flesh":51,"minecraft:cobblestone":3966,"minecraft:birch_log":25,"minecraft:enchanting_table":2,"minecraft:feather":40,"minecraft:cooked_beef":1,"minecraft:andesite":19,"minecraft:brown_wool":2,"minecraft:golden_leggings":1,"minecraft:potato":1472,"minecraft:flint":7,"minecraft:tuff":22,"minecraft:lapis_lazuli":206,"minecraft:dirt":6577,"minecraft:bone":29,"minecraft:bow":3,"minecraft:wheat_seeds":2810,"minecraft:raw_gold":63,"minecraft:glowstone_dust":2,"minecraft:oak_planks":326,"minecraft:cooked_porkchop":1,"minecraft:oak_pressure_plate":1,"minecraft:poisonous_potato":9,"minecraft:sand":351,"minecraft:ink_sac":1,"minecraft:grass_block":1,"minecraft:lily_of_the_valley":1,"minecraft:mossy_cobblestone":28,"minecraft:sugar":2,"minecraft:yellow_carpet":11,"minecraft:diamond":21,"minecraft:spruce_boat":11,"minecraft:granite":5,"minecraft:spruce_sign":2,"minecraft:emerald":51,"minecraft:bread":6,"minecraft:oak_sapling":11,"minecraft:netherrack":370,"minecraft:bricks":3,"minecraft:diamond_pickaxe":3,"minecraft:crafting_table":13,"minecraft:azure_bluet":6,"minecraft:chicken":32,"minecraft:clay_ball":136,"minecraft:brick":28,"minecraft:shield":4,"minecraft:cornflower":4,"minecraft:oak_trapdoor":1,"minecraft:iron_axe":3,"minecraft:flint_and_steel":1,"minecraft:beef":216,"minecraft:oak_boat":7,"minecraft:poppy":9,"minecraft:light_gray_wool":3,"minecraft:spruce_slab":5,"minecraft:sugar_cane":1292,"minecraft:chest":14,"minecraft:egg":13,"minecraft:raw_iron":191,"minecraft:stone":332,"minecraft:oak_door":6,"minecraft:copper_ingot":2,"minecraft:spruce_fence":51,"minecraft:trident":1,"minecraft:carrot":1854,"minecraft:redstone":156,"minecraft:arrow":113,"minecraft:stone_shovel":1,"minecraft:beetroot_seeds":6,"minecraft:diamond_boots":1,"minecraft:hay_block":10,"minecraft:saddle":1,"minecraft:mutton":80,"minecraft:white_wool":44,"minecraft:oxeye_daisy":12,"minecraft:stripped_oak_log":19,"minecraft:leather":125,"minecraft:crimson_fungus":1,"minecraft:oak_log":172,"minecraft:cobblestone_wall":1,"minecraft:yellow_bed":9,"minecraft:nether_wart_block":5,"minecraft:gunpowder":24,"minecraft:cobblestone_stairs":6,"minecraft:wooden_hoe":1,"minecraft:blue_bed":13,"minecraft:paper":9,"minecraft:cooked_mutton":10,"minecraft:apple":1,"minecraft:kelp":4,"minecraft:iron_ingot":221,"minecraft:oak_fence_gate":4,"minecraft:cooked_chicken":11,"minecraft:gray_bed":14,"minecraft:iron_sword":1,"minecraft:soul_sand":1,"minecraft:oak_slab":17,"minecraft:warped_fungus":1,"minecraft:pumpkin":86,"minecraft:quartz":226,"minecraft:dandelion":20,"minecraft:gravel":68,"minecraft:spruce_sapling":163,"minecraft:white_bed":10,"minecraft:spruce_log":1609,"minecraft:spider_eye":3,"minecraft:diamond_shovel":1,"minecraft:pumpkin_seeds":51,"minecraft:polished_diorite":20,"minecraft:stone_axe":1,"minecraft:iron_helmet":1,"minecraft:diamond_axe":5,"minecraft:gray_wool":1,"minecraft:black_wool":3,"minecraft:coal":439,"minecraft:sunflower":48},"minecraft:broken":{"minecraft:stone_pickaxe":1,"minecraft:diamond_pickaxe":2,"minecraft:wooden_axe":1,"minecraft:stone_shovel":1,"minecraft:stone_hoe":1,"minecraft:diamond_axe":1,"minecraft:iron_axe":4,"minecraft:iron_pickaxe":1},"minecraft:killed_by":{"minecraft:creeper":1,"minecraft:zombie":1,"minecraft:skeleton":1},"minecraft:dropped":{"minecraft:spruce_sign":9,"minecraft:iron_sword":1,"minecraft:diamond_axe":4,"minecraft:cooked_beef":9,"minecraft:crafting_table":1,"minecraft:cooked_porkchop":1,"minecraft:leather":13,"minecraft:saddle":1,"minecraft:cobblestone_stairs":128,"minecraft:emerald":72,"minecraft:dirt":77,"minecraft:sand":2,"minecraft:iron_pickaxe":1,"minecraft:blue_bed":1,"minecraft:gold_ingot":32,"minecraft:bone":10,"minecraft:stone_axe":1,"minecraft:sugar_cane":223,"minecraft:cooked_chicken":22,"minecraft:wheat":33,"minecraft:rotten_flesh":2,"minecraft:oak_planks":21,"minecraft:diamond_shovel":1,"minecraft:cooked_mutton":3,"minecraft:white_bed":3,"minecraft:oak_fence_gate":2,"minecraft:soul_campfire":9,"minecraft:trident":1,"minecraft:hopper":9,"minecraft:chest":6,"minecraft:ladder":21,"minecraft:spruce_slab":2,"minecraft:arrow":16,"minecraft:glass":688,"minecraft:stone_hoe":2,"minecraft:iron_ingot":83,"minecraft:bread":1,"minecraft:wheat_seeds":8,"minecraft:oak_fence":2,"minecraft:cobblestone":77,"minecraft:lead":1,"minecraft:coal":61,"minecraft:yellow_carpet":1,"minecraft:stick":2,"minecraft:lava_bucket":1,"minecraft:torch":19,"minecraft:wooden_hoe":1,"minecraft:brown_wool":1,"minecraft:iron_leggings":1,"minecraft:iron_axe":2,"minecraft:bucket":1,"minecraft:spruce_sapling":24,"minecraft:redstone":64,"minecraft:polished_diorite":1,"minecraft:furnace":2,"minecraft:oak_trapdoor":1,"minecraft:stone_sword":1,"minecraft:stone_shovel":1,"minecraft:composter":2,"minecraft:light_gray_wool":1,"minecraft:diamond_sword":2,"minecraft:spruce_boat":3,"minecraft:shield":2,"minecraft:spruce_planks":35,"minecraft:diamond_pickaxe":2,"minecraft:iron_chestplate":1,"minecraft:yellow_bed":1,"minecraft:oak_boat":3,"minecraft:spruce_log":245},"minecraft:killed":{"minecraft:zombified_piglin":1,"minecraft:spider":14,"minecraft:skeleton":24,"minecraft:chicken":32,"minecraft:piglin":1,"minecraft:pig":114,"minecraft:zombie_villager":1,"minecraft:iron_golem":1,"minecraft:creeper":7,"minecraft:sheep":53,"minecraft:trader_llama":2,"minecraft:zombie":39,"minecraft:cow":103,"minecraft:horse":1,"minecraft:drowned":6,"minecraft:bat":1,"minecraft:hoglin":1,"minecraft:villager":1},"minecraft:used":{"minecraft:spruce_slab":36,"minecraft:oak_sign":6,"minecraft:poppy":8,"minecraft:chest":21,"minecraft:shield":29,"minecraft:stone":11,"minecraft:rotten_flesh":9,"minecraft:mutton":4,"minecraft:lily_of_the_valley":1,"minecraft:carrot":735,"minecraft:azure_bluet":6,"minecraft:spruce_boat":10,"minecraft:glass":50,"minecraft:lava_bucket":2,"minecraft:bricks":1,"minecraft:quartz_block":67,"minecraft:bow":193,"minecraft:hay_block":10,"minecraft:oak_sapling":3,"minecraft:furnace":10,"minecraft:gray_bed":1,"minecraft:beetroot_seeds":3,"minecraft:egg":15,"minecraft:potato":466,"minecraft:diorite":10,"minecraft:stone_pickaxe":284,"minecraft:oak_planks":96,"minecraft:wooden_pickaxe":24,"minecraft:blue_bed":1,"minecraft:diamond_axe":1686,"minecraft:sugar_cane":111,"minecraft:sand":2,"minecraft:pumpkin_seeds":12,"minecraft:gravel":1,"minecraft:wooden_sword":7,"minecraft:nether_wart_block":4,"minecraft:diamond_sword":362,"minecraft:smithing_table":1,"minecraft:andesite":3,"minecraft:oak_boat":8,"minecraft:bone_meal":158,"minecraft:oak_fence":99,"minecraft:trident":4,"minecraft:enchanting_table":2,"minecraft:stone_sword":61,"minecraft:flint_and_steel":1,"minecraft:stone_shovel":145,"minecraft:spruce_planks":114,"minecraft:cooked_chicken":5,"minecraft:stone_hoe":162,"minecraft:netherrack":111,"minecraft:torch":222,"minecraft:dirt":2721,"minecraft:anvil":1,"minecraft:nether_quartz_ore":6,"minecraft:yellow_carpet":10,"minecraft:granite":3,"minecraft:spruce_fence":195,"minecraft:oak_fence_gate":1,"minecraft:wooden_axe":58,"minecraft:bookshelf":21,"minecraft:iron_axe":1210,"minecraft:oak_stairs":38,"minecraft:cooked_beef":12,"minecraft:cobbled_deepslate":6,"minecraft:iron_leggings":1,"minecraft:wheat_seeds":1023,"minecraft:cooked_mutton":50,"minecraft:water_bucket":32,"minecraft:spruce_sign":7,"minecraft:cobblestone_slab":1,"minecraft:oak_slab":31,"minecraft:crafting_table":10,"minecraft:spider_eye":2,"minecraft:white_bed":3,"minecraft:spruce_log":34,"minecraft:oak_log":6,"minecraft:wooden_hoe":40,"minecraft:cornflower":4,"minecraft:diamond_pickaxe":4681,"minecraft:apple":1,"minecraft:oxeye_daisy":12,"minecraft:diamond_shovel":4483,"minecraft:sunflower":47,"minecraft:iron_pickaxe":480,"minecraft:spruce_sapling":75,"minecraft:stone_axe":27,"minecraft:cobblestone":664,"minecraft:porkchop":1,"minecraft:cooked_porkchop":123,"minecraft:bucket":34,"minecraft:glass_pane":1,"minecraft:yellow_bed":3,"minecraft:kelp":4,"minecraft:dandelion":18}},"DataVersion":3953}