{"stats":{"minecraft:used":{"minecraft:spruce_slab":33,"minecraft:poppy":8,"minecraft:oak_sign":4,"minecraft:chest":6,"minecraft:shield":27,"minecraft:rotten_flesh":6,"minecraft:mutton":4,"minecraft:lily_of_the_valley":1,"minecraft:carrot":416,"minecraft:azure_bluet":5,"minecraft:spruce_boat":6,"minecraft:lava_bucket":2,"minecraft:bow":88,"minecraft:hay_block":10,"minecraft:furnace":10,"minecraft:oak_sapling":2,"minecraft:beetroot_seeds":3,"minecraft:egg":15,"minecraft:potato":165,"minecraft:diorite":10,"minecraft:stone_pickaxe":284,"minecraft:oak_planks":21,"minecraft:wooden_pickaxe":24,"minecraft:diamond_axe":45,"minecraft:sugar_cane":93,"minecraft:sand":1,"minecraft:pumpkin_seeds":12,"minecraft:diamond_sword":104,"minecraft:wooden_sword":7,"minecraft:smithing_table":1,"minecraft:andesite":3,"minecraft:oak_boat":7,"minecraft:bone_meal":158,"minecraft:oak_fence":92,"minecraft:stone_sword":61,"minecraft:stone_shovel":145,"minecraft:spruce_planks":71,"minecraft:stone_hoe":90,"minecraft:cooked_chicken":5,"minecraft:torch":85,"minecraft:dirt":884,"minecraft:spruce_fence":41,"minecraft:granite":3,"minecraft:wooden_axe":58,"minecraft:iron_axe":1206,"minecraft:cooked_beef":12,"minecraft:cobbled_deepslate":6,"minecraft:iron_leggings":1,"minecraft:wheat_seeds":547,"minecraft:cooked_mutton":50,"minecraft:water_bucket":8,"minecraft:spruce_sign":7,"minecraft:crafting_table":9,"minecraft:spider_eye":2,"minecraft:white_bed":1,"minecraft:spruce_log":19,"minecraft:oak_log":6,"minecraft:wooden_hoe":15,"minecraft:cornflower":4,"minecraft:apple":1,"minecraft:oxeye_daisy":12,"minecraft:diamond_shovel":842,"minecraft:sunflower":33,"minecraft:iron_pickaxe":330,"minecraft:spruce_sapling":37,"minecraft:stone_axe":27,"minecraft:cobblestone":120,"minecraft:cooked_porkchop":15,"minecraft:bucket":10,"minecraft:kelp":4,"minecraft:dandelion":18},"minecraft:picked_up":{"minecraft:iron_chestplate":2,"minecraft:wheat":213,"minecraft:diamond_sword":3,"minecraft:smithing_table":1,"minecraft:lead":1,"minecraft:string":12,"minecraft:raw_copper":47,"minecraft:iron_leggings":3,"minecraft:oak_sign":1,"minecraft:beetroot":1,"minecraft:diamond_leggings":1,"minecraft:cobbled_deepslate":71,"minecraft:bucket":1,"minecraft:spruce_planks":78,"minecraft:iron_pickaxe":1,"minecraft:iron_boots":1,"minecraft:furnace":8,"minecraft:stick":41,"minecraft:composter":1,"minecraft:oak_fence":27,"minecraft:torch":25,"minecraft:porkchop":104,"minecraft:diorite":13,"minecraft:rotten_flesh":25,"minecraft:cobblestone":371,"minecraft:birch_log":25,"minecraft:feather":40,"minecraft:cooked_beef":1,"minecraft:andesite":18,"minecraft:brown_wool":2,"minecraft:golden_leggings":1,"minecraft:potato":332,"minecraft:flint":2,"minecraft:tuff":22,"minecraft:lapis_lazuli":129,"minecraft:dirt":1044,"minecraft:bone":19,"minecraft:bow":1,"minecraft:wheat_seeds":949,"minecraft:raw_gold":49,"minecraft:glowstone_dust":2,"minecraft:oak_planks":16,"minecraft:poisonous_potato":3,"minecraft:sand":97,"minecraft:lily_of_the_valley":1,"minecraft:sugar":2,"minecraft:diamond":21,"minecraft:spruce_boat":7,"minecraft:granite":5,"minecraft:spruce_sign":2,"minecraft:emerald":41,"minecraft:oak_sapling":7,"minecraft:diamond_pickaxe":1,"minecraft:crafting_table":12,"minecraft:azure_bluet":5,"minecraft:chicken":32,"minecraft:shield":3,"minecraft:cornflower":4,"minecraft:oak_trapdoor":1,"minecraft:iron_axe":3,"minecraft:beef":124,"minecraft:oak_boat":7,"minecraft:poppy":9,"minecraft:light_gray_wool":3,"minecraft:sugar_cane":488,"minecraft:chest":2,"minecraft:egg":13,"minecraft:raw_iron":67,"minecraft:copper_ingot":1,"minecraft:spruce_fence":18,"minecraft:trident":1,"minecraft:carrot":802,"minecraft:redstone":114,"minecraft:arrow":102,"minecraft:stone_shovel":1,"minecraft:beetroot_seeds":6,"minecraft:diamond_boots":1,"minecraft:hay_block":10,"minecraft:saddle":1,"minecraft:mutton":80,"minecraft:white_wool":44,"minecraft:oxeye_daisy":12,"minecraft:leather":72,"minecraft:oak_log":97,"minecraft:gunpowder":20,"minecraft:cobblestone_stairs":2,"minecraft:paper":9,"minecraft:cooked_mutton":10,"minecraft:apple":1,"minecraft:kelp":4,"minecraft:oak_fence_gate":3,"minecraft:iron_ingot":93,"minecraft:cooked_chicken":11,"minecraft:iron_sword":1,"minecraft:pumpkin":49,"minecraft:dandelion":18,"minecraft:spruce_sapling":54,"minecraft:spruce_log":776,"minecraft:spider_eye":2,"minecraft:diamond_shovel":1,"minecraft:pumpkin_seeds":51,"minecraft:stone_axe":1,"minecraft:iron_helmet":1,"minecraft:diamond_axe":2,"minecraft:gray_wool":1,"minecraft:black_wool":3,"minecraft:coal":218,"minecraft:sunflower":33},"minecraft:broken":{"minecraft:stone_pickaxe":1,"minecraft:wooden_axe":1,"minecraft:stone_shovel":1,"minecraft:iron_axe":4,"minecraft:iron_pickaxe":1},"minecraft:mined":{"minecraft:spruce_planks":81,"minecraft:farmland":2,"minecraft:cobblestone_stairs":2,"minecraft:granite":5,"minecraft:grass_block":232,"minecraft:composter":1,"minecraft:oxeye_daisy":12,"minecraft:tall_seagrass":2,"minecraft:iron_ore":17,"minecraft:cobbled_deepslate":21,"minecraft:pumpkin":58,"minecraft:deepslate_lapis_ore":5,"minecraft:azure_bluet":5,"minecraft:dirt_path":87,"minecraft:deepslate_redstone_ore":7,"minecraft:kelp_plant":11,"minecraft:powder_snow":1,"minecraft:torch":3,"minecraft:blast_furnace":1,"minecraft:poppy":9,"minecraft:chest":2,"minecraft:spruce_wall_sign":2,"minecraft:cobblestone":74,"minecraft:sugar_cane":224,"minecraft:oak_planks":14,"minecraft:wall_torch":4,"minecraft:birch_log":25,"minecraft:wheat":544,"minecraft:oak_log":96,"minecraft:beetroots":5,"minecraft:oak_fence_gate":2,"minecraft:sand":108,"minecraft:dirt":600,"minecraft:oak_leaves":39,"minecraft:deepslate":45,"minecraft:glow_lichen":3,"minecraft:spruce_fence":18,"minecraft:spruce_leaves":18,"minecraft:hay_block":10,"minecraft:redstone_ore":7,"minecraft:oak_trapdoor":1,"minecraft:spruce_sapling":7,"minecraft:furnace":6,"minecraft:carrots":405,"minecraft:andesite":30,"minecraft:potatoes":148,"minecraft:deepslate_iron_ore":50,"minecraft:stone":163,"minecraft:podzol":10,"minecraft:smithing_table":1,"minecraft:dandelion":17,"minecraft:oak_fence":26,"minecraft:crafting_table":12,"minecraft:cornflower":5,"minecraft:short_grass":137,"minecraft:tall_grass":21,"minecraft:copper_ore":4,"minecraft:lapis_ore":7,"minecraft:deepslate_gold_ore":14,"minecraft:diorite":20,"minecraft:spruce_log":630,"minecraft:birch_leaves":10,"minecraft:coal_ore":136,"minecraft:sunflower":35,"minecraft:gravel":4,"minecraft:cobweb":2},"minecraft:dropped":{"minecraft:iron_sword":1,"minecraft:diamond_axe":1,"minecraft:cooked_beef":9,"minecraft:leather":13,"minecraft:saddle":1,"minecraft:emerald":56,"minecraft:dirt":71,"minecraft:iron_pickaxe":1,"minecraft:gold_ingot":32,"minecraft:bone":10,"minecraft:stone_axe":1,"minecraft:sugar_cane":31,"minecraft:cooked_chicken":22,"minecraft:oak_planks":21,"minecraft:diamond_shovel":1,"minecraft:cooked_mutton":3,"minecraft:white_bed":3,"minecraft:oak_fence_gate":2,"minecraft:trident":1,"minecraft:arrow":16,"minecraft:glass":405,"minecraft:stone_hoe":2,"minecraft:iron_ingot":83,"minecraft:bread":1,"minecraft:wheat_seeds":5,"minecraft:oak_fence":2,"minecraft:cobblestone":74,"minecraft:lead":1,"minecraft:coal":61,"minecraft:stick":1,"minecraft:brown_wool":1,"minecraft:iron_leggings":1,"minecraft:iron_axe":2,"minecraft:bucket":1,"minecraft:spruce_sapling":12,"minecraft:redstone":64,"minecraft:furnace":2,"minecraft:oak_trapdoor":1,"minecraft:stone_sword":1,"minecraft:stone_shovel":1,"minecraft:composter":2,"minecraft:light_gray_wool":1,"minecraft:diamond_sword":2,"minecraft:spruce_boat":1,"minecraft:shield":1,"minecraft:iron_chestplate":1,"minecraft:yellow_bed":1,"minecraft:oak_boat":1,"minecraft:spruce_log":219},"minecraft:killed_by":{"minecraft:creeper":1,"minecraft:zombie":1,"minecraft:skeleton":1},"minecraft:custom":{"minecraft:animals_bred":184,"minecraft:interact_with_crafting_table":68,"minecraft:bell_ring":140,"minecraft:leave_game":10,"minecraft:time_since_death":565237,"minecraft:sprint_one_cm":1439255,"minecraft:damage_blocked_by_shield":915,"minecraft:drop":199,"minecraft:talked_to_villager":77,"minecraft:play_time":634466,"minecraft:deaths":3,"minecraft:jump":9423,"minecraft:walk_on_water_one_cm":105323,"minecraft:interact_with_furnace":220,"minecraft:traded_with_villager":132,"minecraft:sleep_in_bed":28,"minecraft:damage_dealt":23869,"minecraft:player_kills":1,"minecraft:crouch_one_cm":42714,"minecraft:horse_one_cm":39823,"minecraft:mob_kills":252,"minecraft:interact_with_anvil":2,"minecraft:walk_one_cm":2005575,"minecraft:sneak_time":14655,"minecraft:walk_under_water_one_cm":64800,"minecraft:boat_one_cm":186776,"minecraft:total_world_time":634466,"minecraft:time_since_rest":8483,"minecraft:damage_taken":4331,"minecraft:swim_one_cm":53271,"minecraft:fly_one_cm":1908563,"minecraft:open_chest":387,"minecraft:fall_one_cm":266931},"minecraft:killed":{"minecraft:spider":8,"minecraft:skeleton":13,"minecraft:chicken":32,"minecraft:pig":51,"minecraft:zombie_villager":1,"minecraft:iron_golem":1,"minecraft:creeper":2,"minecraft:sheep":53,"minecraft:trader_llama":2,"minecraft:zombie":19,"minecraft:cow":63,"minecraft:horse":1,"minecraft:drowned":3},"minecraft:crafted":{"minecraft:oak_planks":366,"minecraft:oak_sign":3,"minecraft:cooked_chicken":32,"minecraft:diamond_shovel":1,"minecraft:cooked_mutton":61,"minecraft:glass":405,"minecraft:diamond_helmet":1,"minecraft:chest":4,"minecraft:stone_hoe":2,"minecraft:oak_fence":84,"minecraft:emerald":128,"minecraft:cooked_porkchop":112,"minecraft:crafting_table":3,"minecraft:spruce_planks":2152,"minecraft:wooden_pickaxe":3,"minecraft:birch_planks":98,"minecraft:pumpkin_seeds":48,"minecraft:wooden_hoe":2,"minecraft:book":1,"minecraft:iron_chestplate":1,"minecraft:stick":4284,"minecraft:iron_ingot":73,"minecraft:iron_pickaxe":2,"minecraft:stone_sword":1,"minecraft:wooden_sword":1,"minecraft:stone_shovel":1,"minecraft:spruce_button":20,"minecraft:furnace":7,"minecraft:bone_meal":186,"minecraft:spruce_fence":24,"minecraft:iron_axe":2,"minecraft:spruce_slab":33,"minecraft:stone_pickaxe":4,"minecraft:cooked_beef":124,"minecraft:spruce_sign":6,"minecraft:stone_axe":3,"minecraft:enchanted_book":1,"minecraft:bread":1,"minecraft:air":0,"minecraft:wooden_axe":3,"minecraft:white_bed":3,"minecraft:torch":96,"minecraft:diamond_chestplate":1}},"DataVersion":3953}